userId,permObj
1,MOVIE0101
1,MOVIE0102
1,MOVIE0103
1,MOVIE0104
1,MOVIE0301
1,MOVIE0201
1,ACMGT0101
1,ACMGT0102
2,MOVIE0101
2,MOVIE0102
2,MOVIE0103
2,MOVIE0104
2,MOVIE0301
2,MOVIE0201
2,ACMGT0101
2,ACMGT0102
3,MOVIE0101
3,MOVIE0102
3,MOVIE0103
3,MOVIE0104
3,MOVIE0301
3,MOVIE0201
3,ACMGT0101
3,ACMGT0102
4,MOVIE0101
4,MOVIE0102
4,MOVIE0103
4,MOVIE0104
4,MOVIE0301
4,MOVIE0201
4,ACMGT0101
4,ACMGT0102
5,MOVIE0101
5,MOVIE0102
5,MOVIE0103
5,MOVIE0104
5,MOVIE0301
5,MOVIE0201
5,ACMGT0101
5,ACMGT0102
6,MOVIE0101
6,MOVIE0102
6,MOVIE0103
6,MOVIE0104
6,MOVIE0301
6,MOVIE0201
6,ACMGT0101
6,ACMGT0102
7,MOVIE0101
7,MOVIE0102
7,MOVIE0103
7,MOVIE0104
7,MOVIE0301
7,MOVIE0201
7,ACMGT0101
7,ACMGT0102
8,MOVIE0101
8,MOVIE0102
8,MOVIE0103
8,MOVIE0104
8,MOVIE0301
8,MOVIE0201
8,ACMGT0101
8,ACMGT0102
9,MOVIE0101
9,MOVIE0102
9,MOVIE0103
9,MOVIE0104
9,MOVIE0301
9,MOVIE0201
9,ACMGT0101
9,ACMGT0102
10,MOVIE0101
10,MOVIE0102
10,MOVIE0103
10,MOVIE0104
10,MOVIE0301
10,MOVIE0201
10,ACMGT0101
10,ACMGT0102
11,MOVIE0101
11,MOVIE0102
11,MOVIE0103
11,MOVIE0104
11,MOVIE0301
11,ACMGT0102
12,MOVIE0101
12,MOVIE0102
12,MOVIE0103
12,MOVIE0104
12,MOVIE0301
12,ACMGT0102
13,MOVIE0101
13,MOVIE0102
13,MOVIE0103
13,MOVIE0104
13,MOVIE0301
13,ACMGT0102
14,MOVIE0101
14,MOVIE0102
14,MOVIE0103
14,MOVIE0104
14,MOVIE0301
14,ACMGT0102
15,MOVIE0101
15,MOVIE0102
15,MOVIE0103
15,MOVIE0104
15,MOVIE0301
15,ACMGT0102
16,MOVIE0101
16,MOVIE0102
16,MOVIE0103
16,MOVIE0104
16,MOVIE0301
16,ACMGT0102
17,MOVIE0101
17,MOVIE0102
17,MOVIE0103
17,MOVIE0104
17,MOVIE0301
17,ACMGT0102
18,MOVIE0101
18,MOVIE0102
18,MOVIE0103
18,MOVIE0104
18,MOVIE0301
18,ACMGT0102
19,MOVIE0101
19,MOVIE0102
19,MOVIE0103
19,MOVIE0104
19,MOVIE0301
19,ACMGT0102
20,MOVIE0101
20,MOVIE0102
20,MOVIE0103
20,MOVIE0104
20,MOVIE0301
20,ACMGT0102
21,MOVIE0101
21,MOVIE0102
21,MOVIE0103
21,MOVIE0104
21,MOVIE0301
21,ACMGT0102
22,MOVIE0101
22,MOVIE0102
22,MOVIE0103
22,MOVIE0104
22,MOVIE0301
22,ACMGT0102
23,MOVIE0101
23,MOVIE0102
23,MOVIE0103
23,MOVIE0104
23,MOVIE0301
23,ACMGT0102
24,MOVIE0101
24,MOVIE0102
24,MOVIE0103
24,MOVIE0104
24,MOVIE0301
24,ACMGT0102
25,MOVIE0101
25,MOVIE0102
25,MOVIE0103
25,MOVIE0104
25,MOVIE0301
25,ACMGT0102
26,MOVIE0101
26,MOVIE0102
26,MOVIE0103
26,MOVIE0104
26,MOVIE0301
26,ACMGT0102
27,MOVIE0101
27,MOVIE0102
27,MOVIE0103
27,MOVIE0104
27,MOVIE0301
27,ACMGT0102
28,MOVIE0101
28,MOVIE0102
28,MOVIE0103
28,MOVIE0104
28,MOVIE0301
28,ACMGT0102
29,MOVIE0101
29,MOVIE0102
29,MOVIE0103
29,MOVIE0104
29,MOVIE0301
29,ACMGT0102
30,MOVIE0101
30,MOVIE0102
30,MOVIE0103
30,MOVIE0104
30,MOVIE0301
30,ACMGT0102
31,MOVIE0101
31,MOVIE0102
31,MOVIE0103
31,MOVIE0104
31,MOVIE0301
31,ACMGT0102
32,MOVIE0101
32,MOVIE0102
32,MOVIE0103
32,MOVIE0104
32,MOVIE0301
32,ACMGT0102
33,MOVIE0101
33,MOVIE0102
33,MOVIE0103
33,MOVIE0104
33,MOVIE0301
33,ACMGT0102
34,MOVIE0101
34,MOVIE0102
34,MOVIE0103
34,MOVIE0104
34,MOVIE0301
34,ACMGT0102
35,MOVIE0101
35,MOVIE0102
35,MOVIE0103
35,MOVIE0104
35,MOVIE0301
35,ACMGT0102
36,MOVIE0101
36,MOVIE0102
36,MOVIE0103
36,MOVIE0104
36,MOVIE0301
36,ACMGT0102
37,MOVIE0101
37,MOVIE0102
37,MOVIE0103
37,MOVIE0104
37,MOVIE0301
37,ACMGT0102
38,MOVIE0101
38,MOVIE0102
38,MOVIE0103
38,MOVIE0104
38,MOVIE0301
38,ACMGT0102
39,MOVIE0101
39,MOVIE0102
39,MOVIE0103
39,MOVIE0104
39,MOVIE0301
39,ACMGT0102
40,MOVIE0101
40,MOVIE0102
40,MOVIE0103
40,MOVIE0104
40,MOVIE0301
40,ACMGT0102
41,MOVIE0101
41,MOVIE0102
41,MOVIE0103
41,MOVIE0104
41,MOVIE0301
41,ACMGT0102
42,MOVIE0101
42,MOVIE0102
42,MOVIE0103
42,MOVIE0104
42,MOVIE0301
42,ACMGT0102
43,MOVIE0101
43,MOVIE0102
43,MOVIE0103
43,MOVIE0104
43,MOVIE0301
43,ACMGT0102
44,MOVIE0101
44,MOVIE0102
44,MOVIE0103
44,MOVIE0104
44,MOVIE0301
44,ACMGT0102
45,MOVIE0101
45,MOVIE0102
45,MOVIE0103
45,MOVIE0104
45,MOVIE0301
45,ACMGT0102
46,MOVIE0101
46,MOVIE0102
46,MOVIE0103
46,MOVIE0104
46,MOVIE0301
46,ACMGT0102
47,MOVIE0101
47,MOVIE0102
47,MOVIE0103
47,MOVIE0104
47,MOVIE0301
47,ACMGT0102
48,MOVIE0101
48,MOVIE0102
48,MOVIE0103
48,MOVIE0104
48,MOVIE0301
48,ACMGT0102
49,MOVIE0101
49,MOVIE0102
49,MOVIE0103
49,MOVIE0104
49,MOVIE0301
49,ACMGT0102
50,MOVIE0101
50,MOVIE0102
50,MOVIE0103
50,MOVIE0104
50,MOVIE0301
50,ACMGT0102
51,MOVIE0101
51,MOVIE0102
51,MOVIE0103
51,MOVIE0104
51,MOVIE0301
51,ACMGT0102
52,MOVIE0101
52,MOVIE0102
52,MOVIE0103
52,MOVIE0104
52,MOVIE0301
52,ACMGT0102
53,MOVIE0101
53,MOVIE0102
53,MOVIE0103
53,MOVIE0104
53,MOVIE0301
53,ACMGT0102
54,MOVIE0101
54,MOVIE0102
54,MOVIE0103
54,MOVIE0104
54,MOVIE0301
54,ACMGT0102
55,MOVIE0101
55,MOVIE0102
55,MOVIE0103
55,MOVIE0104
55,MOVIE0301
55,ACMGT0102
56,MOVIE0101
56,MOVIE0102
56,MOVIE0103
56,MOVIE0104
56,MOVIE0301
56,ACMGT0102
57,MOVIE0101
57,MOVIE0102
57,MOVIE0103
57,MOVIE0104
57,MOVIE0301
57,ACMGT0102
58,MOVIE0101
58,MOVIE0102
58,MOVIE0103
58,MOVIE0104
58,MOVIE0301
58,ACMGT0102
59,MOVIE0101
59,MOVIE0102
59,MOVIE0103
59,MOVIE0104
59,MOVIE0301
59,ACMGT0102
60,MOVIE0101
60,MOVIE0102
60,MOVIE0103
60,MOVIE0104
60,MOVIE0301
60,ACMGT0102
61,MOVIE0101
61,MOVIE0102
61,MOVIE0103
61,MOVIE0104
61,MOVIE0301
61,ACMGT0102
62,MOVIE0101
62,MOVIE0102
62,MOVIE0103
62,MOVIE0104
62,MOVIE0301
62,ACMGT0102
63,MOVIE0101
63,MOVIE0102
63,MOVIE0103
63,MOVIE0104
63,MOVIE0301
63,ACMGT0102
64,MOVIE0101
64,MOVIE0102
64,MOVIE0103
64,MOVIE0104
64,MOVIE0301
64,ACMGT0102
65,MOVIE0101
65,MOVIE0102
65,MOVIE0103
65,MOVIE0104
65,MOVIE0301
65,ACMGT0102
66,MOVIE0101
66,MOVIE0102
66,MOVIE0103
66,MOVIE0104
66,MOVIE0301
66,ACMGT0102
67,MOVIE0101
67,MOVIE0102
67,MOVIE0103
67,MOVIE0104
67,MOVIE0301
67,ACMGT0102
68,MOVIE0101
68,MOVIE0102
68,MOVIE0103
68,MOVIE0104
68,MOVIE0301
68,ACMGT0102
69,MOVIE0101
69,MOVIE0102
69,MOVIE0103
69,MOVIE0104
69,MOVIE0301
69,ACMGT0102
70,MOVIE0101
70,MOVIE0102
70,MOVIE0103
70,MOVIE0104
70,MOVIE0301
70,ACMGT0102
71,MOVIE0101
71,MOVIE0102
71,MOVIE0103
71,MOVIE0104
71,MOVIE0301
71,ACMGT0102
72,MOVIE0101
72,MOVIE0102
72,MOVIE0103
72,MOVIE0104
72,MOVIE0301
72,ACMGT0102
73,MOVIE0101
73,MOVIE0102
73,MOVIE0103
73,MOVIE0104
73,MOVIE0301
73,ACMGT0102
74,MOVIE0101
74,MOVIE0102
74,MOVIE0103
74,MOVIE0104
74,MOVIE0301
74,ACMGT0102
75,MOVIE0101
75,MOVIE0102
75,MOVIE0103
75,MOVIE0104
75,MOVIE0301
75,ACMGT0102
76,MOVIE0101
76,MOVIE0102
76,MOVIE0103
76,MOVIE0104
76,MOVIE0301
76,ACMGT0102
77,MOVIE0101
77,MOVIE0102
77,MOVIE0103
77,MOVIE0104
77,MOVIE0301
77,ACMGT0102
78,MOVIE0101
78,MOVIE0102
78,MOVIE0103
78,MOVIE0104
78,MOVIE0301
78,ACMGT0102
79,MOVIE0101
79,MOVIE0102
79,MOVIE0103
79,MOVIE0104
79,MOVIE0301
79,ACMGT0102
80,MOVIE0101
80,MOVIE0102
80,MOVIE0103
80,MOVIE0104
80,MOVIE0301
80,ACMGT0102
81,MOVIE0101
81,MOVIE0102
81,MOVIE0103
81,MOVIE0104
81,MOVIE0301
81,ACMGT0102
82,MOVIE0101
82,MOVIE0102
82,MOVIE0103
82,MOVIE0104
82,MOVIE0301
82,ACMGT0102
83,MOVIE0101
83,MOVIE0102
83,MOVIE0103
83,MOVIE0104
83,MOVIE0301
83,ACMGT0102
84,MOVIE0101
84,MOVIE0102
84,MOVIE0103
84,MOVIE0104
84,MOVIE0301
84,ACMGT0102
85,MOVIE0101
85,MOVIE0102
85,MOVIE0103
85,MOVIE0104
85,MOVIE0301
85,ACMGT0102
86,MOVIE0101
86,MOVIE0102
86,MOVIE0103
86,MOVIE0104
86,MOVIE0301
86,ACMGT0102
87,MOVIE0101
87,MOVIE0102
87,MOVIE0103
87,MOVIE0104
87,MOVIE0301
87,ACMGT0102
88,MOVIE0101
88,MOVIE0102
88,MOVIE0103
88,MOVIE0104
88,MOVIE0301
88,ACMGT0102
89,MOVIE0101
89,MOVIE0102
89,MOVIE0103
89,MOVIE0104
89,MOVIE0301
89,ACMGT0102
90,MOVIE0101
90,MOVIE0102
90,MOVIE0103
90,MOVIE0104
90,MOVIE0301
90,ACMGT0102
91,MOVIE0101
91,MOVIE0102
91,MOVIE0103
91,MOVIE0104
91,MOVIE0301
91,ACMGT0102
92,MOVIE0101
92,MOVIE0102
92,MOVIE0103
92,MOVIE0104
92,MOVIE0301
92,ACMGT0102
93,MOVIE0101
93,MOVIE0102
93,MOVIE0103
93,MOVIE0104
93,MOVIE0301
93,ACMGT0102
94,MOVIE0101
94,MOVIE0102
94,MOVIE0103
94,MOVIE0104
94,MOVIE0301
94,ACMGT0102
95,MOVIE0101
95,MOVIE0102
95,MOVIE0103
95,MOVIE0104
95,MOVIE0301
95,ACMGT0102
96,MOVIE0101
96,MOVIE0102
96,MOVIE0103
96,MOVIE0104
96,MOVIE0301
96,ACMGT0102
97,MOVIE0101
97,MOVIE0102
97,MOVIE0103
97,MOVIE0104
97,MOVIE0301
97,ACMGT0102
98,MOVIE0101
98,MOVIE0102
98,MOVIE0103
98,MOVIE0104
98,MOVIE0301
98,ACMGT0102
99,MOVIE0101
99,MOVIE0102
99,MOVIE0103
99,MOVIE0104
99,MOVIE0301
99,ACMGT0102
100,MOVIE0101
100,MOVIE0102
100,MOVIE0103
100,MOVIE0104
100,MOVIE0301
100,ACMGT0102
101,MOVIE0101
101,MOVIE0102
101,MOVIE0103
101,MOVIE0104
101,MOVIE0301
101,ACMGT0102
102,MOVIE0101
102,MOVIE0102
102,MOVIE0103
102,MOVIE0104
102,MOVIE0301
102,ACMGT0102
103,MOVIE0101
103,MOVIE0102
103,MOVIE0103
103,MOVIE0104
103,MOVIE0301
103,ACMGT0102
104,MOVIE0101
104,MOVIE0102
104,MOVIE0103
104,MOVIE0104
104,MOVIE0301
104,ACMGT0102
105,MOVIE0101
105,MOVIE0102
105,MOVIE0103
105,MOVIE0104
105,MOVIE0301
105,ACMGT0102
106,MOVIE0101
106,MOVIE0102
106,MOVIE0103
106,MOVIE0104
106,MOVIE0301
106,ACMGT0102
107,MOVIE0101
107,MOVIE0102
107,MOVIE0103
107,MOVIE0104
107,MOVIE0301
107,ACMGT0102
108,MOVIE0101
108,MOVIE0102
108,MOVIE0103
108,MOVIE0104
108,MOVIE0301
108,ACMGT0102
109,MOVIE0101
109,MOVIE0102
109,MOVIE0103
109,MOVIE0104
109,MOVIE0301
109,ACMGT0102
110,MOVIE0101
110,MOVIE0102
110,MOVIE0103
110,MOVIE0104
110,MOVIE0301
110,ACMGT0102
111,MOVIE0101
111,MOVIE0102
111,MOVIE0103
111,MOVIE0104
111,MOVIE0301
111,ACMGT0102
112,MOVIE0101
112,MOVIE0102
112,MOVIE0103
112,MOVIE0104
112,MOVIE0301
112,ACMGT0102
113,MOVIE0101
113,MOVIE0102
113,MOVIE0103
113,MOVIE0104
113,MOVIE0301
113,ACMGT0102
114,MOVIE0101
114,MOVIE0102
114,MOVIE0103
114,MOVIE0104
114,MOVIE0301
114,ACMGT0102
115,MOVIE0101
115,MOVIE0102
115,MOVIE0103
115,MOVIE0104
115,MOVIE0301
115,ACMGT0102
116,MOVIE0101
116,MOVIE0102
116,MOVIE0103
116,MOVIE0104
116,MOVIE0301
116,ACMGT0102
117,MOVIE0101
117,MOVIE0102
117,MOVIE0103
117,MOVIE0104
117,MOVIE0301
117,ACMGT0102
118,MOVIE0101
118,MOVIE0102
118,MOVIE0103
118,MOVIE0104
118,MOVIE0301
118,ACMGT0102
119,MOVIE0101
119,MOVIE0102
119,MOVIE0103
119,MOVIE0104
119,MOVIE0301
119,ACMGT0102
120,MOVIE0101
120,MOVIE0102
120,MOVIE0103
120,MOVIE0104
120,MOVIE0301
120,ACMGT0102
121,MOVIE0101
121,MOVIE0102
121,MOVIE0103
121,MOVIE0104
121,MOVIE0301
121,ACMGT0102
122,MOVIE0101
122,MOVIE0102
122,MOVIE0103
122,MOVIE0104
122,MOVIE0301
122,ACMGT0102
123,MOVIE0101
123,MOVIE0102
123,MOVIE0103
123,MOVIE0104
123,MOVIE0301
123,ACMGT0102
124,MOVIE0101
124,MOVIE0102
124,MOVIE0103
124,MOVIE0104
124,MOVIE0301
124,ACMGT0102
125,MOVIE0101
125,MOVIE0102
125,MOVIE0103
125,MOVIE0104
125,MOVIE0301
125,ACMGT0102
126,MOVIE0101
126,MOVIE0102
126,MOVIE0103
126,MOVIE0104
126,MOVIE0301
126,ACMGT0102
127,MOVIE0101
127,MOVIE0102
127,MOVIE0103
127,MOVIE0104
127,MOVIE0301
127,ACMGT0102
128,MOVIE0101
128,MOVIE0102
128,MOVIE0103
128,MOVIE0104
128,MOVIE0301
128,ACMGT0102
129,MOVIE0101
129,MOVIE0102
129,MOVIE0103
129,MOVIE0104
129,MOVIE0301
129,ACMGT0102
130,MOVIE0101
130,MOVIE0102
130,MOVIE0103
130,MOVIE0104
130,MOVIE0301
130,ACMGT0102
131,MOVIE0101
131,MOVIE0102
131,MOVIE0103
131,MOVIE0104
131,MOVIE0301
131,ACMGT0102
132,MOVIE0101
132,MOVIE0102
132,MOVIE0103
132,MOVIE0104
132,MOVIE0301
132,ACMGT0102
133,MOVIE0101
133,MOVIE0102
133,MOVIE0103
133,MOVIE0104
133,MOVIE0301
133,ACMGT0102
134,MOVIE0101
134,MOVIE0102
134,MOVIE0103
134,MOVIE0104
134,MOVIE0301
134,ACMGT0102
135,MOVIE0101
135,MOVIE0102
135,MOVIE0103
135,MOVIE0104
135,MOVIE0301
135,ACMGT0102
136,MOVIE0101
136,MOVIE0102
136,MOVIE0103
136,MOVIE0104
136,MOVIE0301
136,ACMGT0102
137,MOVIE0101
137,MOVIE0102
137,MOVIE0103
137,MOVIE0104
137,MOVIE0301
137,ACMGT0102
138,MOVIE0101
138,MOVIE0102
138,MOVIE0103
138,MOVIE0104
138,MOVIE0301
138,ACMGT0102
139,MOVIE0101
139,MOVIE0102
139,MOVIE0103
139,MOVIE0104
139,MOVIE0301
139,ACMGT0102
140,MOVIE0101
140,MOVIE0102
140,MOVIE0103
140,MOVIE0104
140,MOVIE0301
140,ACMGT0102
141,MOVIE0101
141,MOVIE0102
141,MOVIE0103
141,MOVIE0104
141,MOVIE0301
141,ACMGT0102
142,MOVIE0101
142,MOVIE0102
142,MOVIE0103
142,MOVIE0104
142,MOVIE0301
142,ACMGT0102
143,MOVIE0101
143,MOVIE0102
143,MOVIE0103
143,MOVIE0104
143,MOVIE0301
143,ACMGT0102
144,MOVIE0101
144,MOVIE0102
144,MOVIE0103
144,MOVIE0104
144,MOVIE0301
144,ACMGT0102
145,MOVIE0101
145,MOVIE0102
145,MOVIE0103
145,MOVIE0104
145,MOVIE0301
145,ACMGT0102
146,MOVIE0101
146,MOVIE0102
146,MOVIE0103
146,MOVIE0104
146,MOVIE0301
146,ACMGT0102
147,MOVIE0101
147,MOVIE0102
147,MOVIE0103
147,MOVIE0104
147,MOVIE0301
147,ACMGT0102
148,MOVIE0101
148,MOVIE0102
148,MOVIE0103
148,MOVIE0104
148,MOVIE0301
148,ACMGT0102
149,MOVIE0101
149,MOVIE0102
149,MOVIE0103
149,MOVIE0104
149,MOVIE0301
149,ACMGT0102
150,MOVIE0101
150,MOVIE0102
150,MOVIE0103
150,MOVIE0104
150,MOVIE0301
150,ACMGT0102
151,MOVIE0101
151,MOVIE0102
151,MOVIE0103
151,MOVIE0104
151,MOVIE0301
151,ACMGT0102
152,MOVIE0101
152,MOVIE0102
152,MOVIE0103
152,MOVIE0104
152,MOVIE0301
152,ACMGT0102
153,MOVIE0101
153,MOVIE0102
153,MOVIE0103
153,MOVIE0104
153,MOVIE0301
153,ACMGT0102
154,MOVIE0101
154,MOVIE0102
154,MOVIE0103
154,MOVIE0104
154,MOVIE0301
154,ACMGT0102
155,MOVIE0101
155,MOVIE0102
155,MOVIE0103
155,MOVIE0104
155,MOVIE0301
155,ACMGT0102
156,MOVIE0101
156,MOVIE0102
156,MOVIE0103
156,MOVIE0104
156,MOVIE0301
156,ACMGT0102
157,MOVIE0101
157,MOVIE0102
157,MOVIE0103
157,MOVIE0104
157,MOVIE0301
157,ACMGT0102
158,MOVIE0101
158,MOVIE0102
158,MOVIE0103
158,MOVIE0104
158,MOVIE0301
158,ACMGT0102
159,MOVIE0101
159,MOVIE0102
159,MOVIE0103
159,MOVIE0104
159,MOVIE0301
159,ACMGT0102
160,MOVIE0101
160,MOVIE0102
160,MOVIE0103
160,MOVIE0104
160,MOVIE0301
160,ACMGT0102
161,MOVIE0101
161,MOVIE0102
161,MOVIE0103
161,MOVIE0104
161,MOVIE0301
161,ACMGT0102
162,MOVIE0101
162,MOVIE0102
162,MOVIE0103
162,MOVIE0104
162,MOVIE0301
162,ACMGT0102
163,MOVIE0101
163,MOVIE0102
163,MOVIE0103
163,MOVIE0104
163,MOVIE0301
163,ACMGT0102
164,MOVIE0101
164,MOVIE0102
164,MOVIE0103
164,MOVIE0104
164,MOVIE0301
164,ACMGT0102
165,MOVIE0101
165,MOVIE0102
165,MOVIE0103
165,MOVIE0104
165,MOVIE0301
165,ACMGT0102
166,MOVIE0101
166,MOVIE0102
166,MOVIE0103
166,MOVIE0104
166,MOVIE0301
166,ACMGT0102
167,MOVIE0101
167,MOVIE0102
167,MOVIE0103
167,MOVIE0104
167,MOVIE0301
167,ACMGT0102
168,MOVIE0101
168,MOVIE0102
168,MOVIE0103
168,MOVIE0104
168,MOVIE0301
168,ACMGT0102
169,MOVIE0101
169,MOVIE0102
169,MOVIE0103
169,MOVIE0104
169,MOVIE0301
169,ACMGT0102
170,MOVIE0101
170,MOVIE0102
170,MOVIE0103
170,MOVIE0104
170,MOVIE0301
170,ACMGT0102
171,MOVIE0101
171,MOVIE0102
171,MOVIE0103
171,MOVIE0104
171,MOVIE0301
171,ACMGT0102
172,MOVIE0101
172,MOVIE0102
172,MOVIE0103
172,MOVIE0104
172,MOVIE0301
172,ACMGT0102
173,MOVIE0101
173,MOVIE0102
173,MOVIE0103
173,MOVIE0104
173,MOVIE0301
173,ACMGT0102
174,MOVIE0101
174,MOVIE0102
174,MOVIE0103
174,MOVIE0104
174,MOVIE0301
174,ACMGT0102
175,MOVIE0101
175,MOVIE0102
175,MOVIE0103
175,MOVIE0104
175,MOVIE0301
175,ACMGT0102
176,MOVIE0101
176,MOVIE0102
176,MOVIE0103
176,MOVIE0104
176,MOVIE0301
176,ACMGT0102
177,MOVIE0101
177,MOVIE0102
177,MOVIE0103
177,MOVIE0104
177,MOVIE0301
177,ACMGT0102
178,MOVIE0101
178,MOVIE0102
178,MOVIE0103
178,MOVIE0104
178,MOVIE0301
178,ACMGT0102
179,MOVIE0101
179,MOVIE0102
179,MOVIE0103
179,MOVIE0104
179,MOVIE0301
179,ACMGT0102
180,MOVIE0101
180,MOVIE0102
180,MOVIE0103
180,MOVIE0104
180,MOVIE0301
180,ACMGT0102
181,MOVIE0101
181,MOVIE0102
181,MOVIE0103
181,MOVIE0104
181,MOVIE0301
181,ACMGT0102
182,MOVIE0101
182,MOVIE0102
182,MOVIE0103
182,MOVIE0104
182,MOVIE0301
182,ACMGT0102
183,MOVIE0101
183,MOVIE0102
183,MOVIE0103
183,MOVIE0104
183,MOVIE0301
183,ACMGT0102
184,MOVIE0101
184,MOVIE0102
184,MOVIE0103
184,MOVIE0104
184,MOVIE0301
184,ACMGT0102
185,MOVIE0101
185,MOVIE0102
185,MOVIE0103
185,MOVIE0104
185,MOVIE0301
185,ACMGT0102
186,MOVIE0101
186,MOVIE0102
186,MOVIE0103
186,MOVIE0104
186,MOVIE0301
186,ACMGT0102
187,MOVIE0101
187,MOVIE0102
187,MOVIE0103
187,MOVIE0104
187,MOVIE0301
187,ACMGT0102
188,MOVIE0101
188,MOVIE0102
188,MOVIE0103
188,MOVIE0104
188,MOVIE0301
188,ACMGT0102
189,MOVIE0101
189,MOVIE0102
189,MOVIE0103
189,MOVIE0104
189,MOVIE0301
189,ACMGT0102
190,MOVIE0101
190,MOVIE0102
190,MOVIE0103
190,MOVIE0104
190,MOVIE0301
190,ACMGT0102
191,MOVIE0101
191,MOVIE0102
191,MOVIE0103
191,MOVIE0104
191,MOVIE0301
191,ACMGT0102
192,MOVIE0101
192,MOVIE0102
192,MOVIE0103
192,MOVIE0104
192,MOVIE0301
192,ACMGT0102
193,MOVIE0101
193,MOVIE0102
193,MOVIE0103
193,MOVIE0104
193,MOVIE0301
193,ACMGT0102
194,MOVIE0101
194,MOVIE0102
194,MOVIE0103
194,MOVIE0104
194,MOVIE0301
194,ACMGT0102
195,MOVIE0101
195,MOVIE0102
195,MOVIE0103
195,MOVIE0104
195,MOVIE0301
195,ACMGT0102
196,MOVIE0101
196,MOVIE0102
196,MOVIE0103
196,MOVIE0104
196,MOVIE0301
196,ACMGT0102
197,MOVIE0101
197,MOVIE0102
197,MOVIE0103
197,MOVIE0104
197,MOVIE0301
197,ACMGT0102
198,MOVIE0101
198,MOVIE0102
198,MOVIE0103
198,MOVIE0104
198,MOVIE0301
198,ACMGT0102
199,MOVIE0101
199,MOVIE0102
199,MOVIE0103
199,MOVIE0104
199,MOVIE0301
199,ACMGT0102
200,MOVIE0101
200,MOVIE0102
200,MOVIE0103
200,MOVIE0104
200,MOVIE0301
200,ACMGT0102
201,MOVIE0101
201,MOVIE0102
201,MOVIE0103
201,MOVIE0104
201,MOVIE0301
201,ACMGT0102
202,MOVIE0101
202,MOVIE0102
202,MOVIE0103
202,MOVIE0104
202,MOVIE0301
202,ACMGT0102
203,MOVIE0101
203,MOVIE0102
203,MOVIE0103
203,MOVIE0104
203,MOVIE0301
203,ACMGT0102
204,MOVIE0101
204,MOVIE0102
204,MOVIE0103
204,MOVIE0104
204,MOVIE0301
204,ACMGT0102
205,MOVIE0101
205,MOVIE0102
205,MOVIE0103
205,MOVIE0104
205,MOVIE0301
205,ACMGT0102
206,MOVIE0101
206,MOVIE0102
206,MOVIE0103
206,MOVIE0104
206,MOVIE0301
206,ACMGT0102
207,MOVIE0101
207,MOVIE0102
207,MOVIE0103
207,MOVIE0104
207,MOVIE0301
207,ACMGT0102
208,MOVIE0101
208,MOVIE0102
208,MOVIE0103
208,MOVIE0104
208,MOVIE0301
208,ACMGT0102
209,MOVIE0101
209,MOVIE0102
209,MOVIE0103
209,MOVIE0104
209,MOVIE0301
209,ACMGT0102
210,MOVIE0101
210,MOVIE0102
210,MOVIE0103
210,MOVIE0104
210,MOVIE0301
210,ACMGT0102
211,MOVIE0101
211,MOVIE0102
211,MOVIE0103
211,MOVIE0104
211,MOVIE0301
211,ACMGT0102
212,MOVIE0101
212,MOVIE0102
212,MOVIE0103
212,MOVIE0104
212,MOVIE0301
212,ACMGT0102
213,MOVIE0101
213,MOVIE0102
213,MOVIE0103
213,MOVIE0104
213,MOVIE0301
213,ACMGT0102
214,MOVIE0101
214,MOVIE0102
214,MOVIE0103
214,MOVIE0104
214,MOVIE0301
214,ACMGT0102
215,MOVIE0101
215,MOVIE0102
215,MOVIE0103
215,MOVIE0104
215,MOVIE0301
215,ACMGT0102
216,MOVIE0101
216,MOVIE0102
216,MOVIE0103
216,MOVIE0104
216,MOVIE0301
216,ACMGT0102
217,MOVIE0101
217,MOVIE0102
217,MOVIE0103
217,MOVIE0104
217,MOVIE0301
217,ACMGT0102
218,MOVIE0101
218,MOVIE0102
218,MOVIE0103
218,MOVIE0104
218,MOVIE0301
218,ACMGT0102
219,MOVIE0101
219,MOVIE0102
219,MOVIE0103
219,MOVIE0104
219,MOVIE0301
219,ACMGT0102
220,MOVIE0101
220,MOVIE0102
220,MOVIE0103
220,MOVIE0104
220,MOVIE0301
220,ACMGT0102
221,MOVIE0101
221,MOVIE0102
221,MOVIE0103
221,MOVIE0104
221,MOVIE0301
221,ACMGT0102
222,MOVIE0101
222,MOVIE0102
222,MOVIE0103
222,MOVIE0104
222,MOVIE0301
222,ACMGT0102
223,MOVIE0101
223,MOVIE0102
223,MOVIE0103
223,MOVIE0104
223,MOVIE0301
223,ACMGT0102
224,MOVIE0101
224,MOVIE0102
224,MOVIE0103
224,MOVIE0104
224,MOVIE0301
224,ACMGT0102
225,MOVIE0101
225,MOVIE0102
225,MOVIE0103
225,MOVIE0104
225,MOVIE0301
225,ACMGT0102
226,MOVIE0101
226,MOVIE0102
226,MOVIE0103
226,MOVIE0104
226,MOVIE0301
226,ACMGT0102
227,MOVIE0101
227,MOVIE0102
227,MOVIE0103
227,MOVIE0104
227,MOVIE0301
227,ACMGT0102
228,MOVIE0101
228,MOVIE0102
228,MOVIE0103
228,MOVIE0104
228,MOVIE0301
228,ACMGT0102
229,MOVIE0101
229,MOVIE0102
229,MOVIE0103
229,MOVIE0104
229,MOVIE0301
229,ACMGT0102
230,MOVIE0101
230,MOVIE0102
230,MOVIE0103
230,MOVIE0104
230,MOVIE0301
230,ACMGT0102
231,MOVIE0101
231,MOVIE0102
231,MOVIE0103
231,MOVIE0104
231,MOVIE0301
231,ACMGT0102
232,MOVIE0101
232,MOVIE0102
232,MOVIE0103
232,MOVIE0104
232,MOVIE0301
232,ACMGT0102
233,MOVIE0101
233,MOVIE0102
233,MOVIE0103
233,MOVIE0104
233,MOVIE0301
233,ACMGT0102
234,MOVIE0101
234,MOVIE0102
234,MOVIE0103
234,MOVIE0104
234,MOVIE0301
234,ACMGT0102
235,MOVIE0101
235,MOVIE0102
235,MOVIE0103
235,MOVIE0104
235,MOVIE0301
235,ACMGT0102
236,MOVIE0101
236,MOVIE0102
236,MOVIE0103
236,MOVIE0104
236,MOVIE0301
236,ACMGT0102
237,MOVIE0101
237,MOVIE0102
237,MOVIE0103
237,MOVIE0104
237,MOVIE0301
237,ACMGT0102
238,MOVIE0101
238,MOVIE0102
238,MOVIE0103
238,MOVIE0104
238,MOVIE0301
238,ACMGT0102
239,MOVIE0101
239,MOVIE0102
239,MOVIE0103
239,MOVIE0104
239,MOVIE0301
239,ACMGT0102
240,MOVIE0101
240,MOVIE0102
240,MOVIE0103
240,MOVIE0104
240,MOVIE0301
240,ACMGT0102
241,MOVIE0101
241,MOVIE0102
241,MOVIE0103
241,MOVIE0104
241,MOVIE0301
241,ACMGT0102
242,MOVIE0101
242,MOVIE0102
242,MOVIE0103
242,MOVIE0104
242,MOVIE0301
242,ACMGT0102
243,MOVIE0101
243,MOVIE0102
243,MOVIE0103
243,MOVIE0104
243,MOVIE0301
243,ACMGT0102
244,MOVIE0101
244,MOVIE0102
244,MOVIE0103
244,MOVIE0104
244,MOVIE0301
244,ACMGT0102
245,MOVIE0101
245,MOVIE0102
245,MOVIE0103
245,MOVIE0104
245,MOVIE0301
245,ACMGT0102
246,MOVIE0101
246,MOVIE0102
246,MOVIE0103
246,MOVIE0104
246,MOVIE0301
246,ACMGT0102
247,MOVIE0101
247,MOVIE0102
247,MOVIE0103
247,MOVIE0104
247,MOVIE0301
247,ACMGT0102
248,MOVIE0101
248,MOVIE0102
248,MOVIE0103
248,MOVIE0104
248,MOVIE0301
248,ACMGT0102
249,MOVIE0101
249,MOVIE0102
249,MOVIE0103
249,MOVIE0104
249,MOVIE0301
249,ACMGT0102
250,MOVIE0101
250,MOVIE0102
250,MOVIE0103
250,MOVIE0104
250,MOVIE0301
250,ACMGT0102
251,MOVIE0101
251,MOVIE0102
251,MOVIE0103
251,MOVIE0104
251,MOVIE0301
251,ACMGT0102
252,MOVIE0101
252,MOVIE0102
252,MOVIE0103
252,MOVIE0104
252,MOVIE0301
252,ACMGT0102
253,MOVIE0101
253,MOVIE0102
253,MOVIE0103
253,MOVIE0104
253,MOVIE0301
253,ACMGT0102
254,MOVIE0101
254,MOVIE0102
254,MOVIE0103
254,MOVIE0104
254,MOVIE0301
254,ACMGT0102
255,MOVIE0101
255,MOVIE0102
255,MOVIE0103
255,MOVIE0104
255,MOVIE0301
255,ACMGT0102
256,MOVIE0101
256,MOVIE0102
256,MOVIE0103
256,MOVIE0104
256,MOVIE0301
256,ACMGT0102
257,MOVIE0101
257,MOVIE0102
257,MOVIE0103
257,MOVIE0104
257,MOVIE0301
257,ACMGT0102
258,MOVIE0101
258,MOVIE0102
258,MOVIE0103
258,MOVIE0104
258,MOVIE0301
258,ACMGT0102
259,MOVIE0101
259,MOVIE0102
259,MOVIE0103
259,MOVIE0104
259,MOVIE0301
259,ACMGT0102
260,MOVIE0101
260,MOVIE0102
260,MOVIE0103
260,MOVIE0104
260,MOVIE0301
260,ACMGT0102
261,MOVIE0101
261,MOVIE0102
261,MOVIE0103
261,MOVIE0104
261,MOVIE0301
261,ACMGT0102
262,MOVIE0101
262,MOVIE0102
262,MOVIE0103
262,MOVIE0104
262,MOVIE0301
262,ACMGT0102
263,MOVIE0101
263,MOVIE0102
263,MOVIE0103
263,MOVIE0104
263,MOVIE0301
263,ACMGT0102
264,MOVIE0101
264,MOVIE0102
264,MOVIE0103
264,MOVIE0104
264,MOVIE0301
264,ACMGT0102
265,MOVIE0101
265,MOVIE0102
265,MOVIE0103
265,MOVIE0104
265,MOVIE0301
265,ACMGT0102
266,MOVIE0101
266,MOVIE0102
266,MOVIE0103
266,MOVIE0104
266,MOVIE0301
266,ACMGT0102
267,MOVIE0101
267,MOVIE0102
267,MOVIE0103
267,MOVIE0104
267,MOVIE0301
267,ACMGT0102
268,MOVIE0101
268,MOVIE0102
268,MOVIE0103
268,MOVIE0104
268,MOVIE0301
268,ACMGT0102
269,MOVIE0101
269,MOVIE0102
269,MOVIE0103
269,MOVIE0104
269,MOVIE0301
269,ACMGT0102
270,MOVIE0101
270,MOVIE0102
270,MOVIE0103
270,MOVIE0104
270,MOVIE0301
270,ACMGT0102
271,MOVIE0101
271,MOVIE0102
271,MOVIE0103
271,MOVIE0104
271,MOVIE0301
271,ACMGT0102
272,MOVIE0101
272,MOVIE0102
272,MOVIE0103
272,MOVIE0104
272,MOVIE0301
272,ACMGT0102
273,MOVIE0101
273,MOVIE0102
273,MOVIE0103
273,MOVIE0104
273,MOVIE0301
273,ACMGT0102
274,MOVIE0101
274,MOVIE0102
274,MOVIE0103
274,MOVIE0104
274,MOVIE0301
274,ACMGT0102
275,MOVIE0101
275,MOVIE0102
275,MOVIE0103
275,MOVIE0104
275,MOVIE0301
275,ACMGT0102
276,MOVIE0101
276,MOVIE0102
276,MOVIE0103
276,MOVIE0104
276,MOVIE0301
276,ACMGT0102
277,MOVIE0101
277,MOVIE0102
277,MOVIE0103
277,MOVIE0104
277,MOVIE0301
277,ACMGT0102
278,MOVIE0101
278,MOVIE0102
278,MOVIE0103
278,MOVIE0104
278,MOVIE0301
278,ACMGT0102
279,MOVIE0101
279,MOVIE0102
279,MOVIE0103
279,MOVIE0104
279,MOVIE0301
279,ACMGT0102
280,MOVIE0101
280,MOVIE0102
280,MOVIE0103
280,MOVIE0104
280,MOVIE0301
280,ACMGT0102
281,MOVIE0101
281,MOVIE0102
281,MOVIE0103
281,MOVIE0104
281,MOVIE0301
281,ACMGT0102
282,MOVIE0101
282,MOVIE0102
282,MOVIE0103
282,MOVIE0104
282,MOVIE0301
282,ACMGT0102
283,MOVIE0101
283,MOVIE0102
283,MOVIE0103
283,MOVIE0104
283,MOVIE0301
283,ACMGT0102
284,MOVIE0101
284,MOVIE0102
284,MOVIE0103
284,MOVIE0104
284,MOVIE0301
284,ACMGT0102
285,MOVIE0101
285,MOVIE0102
285,MOVIE0103
285,MOVIE0104
285,MOVIE0301
285,ACMGT0102
286,MOVIE0101
286,MOVIE0102
286,MOVIE0103
286,MOVIE0104
286,MOVIE0301
286,ACMGT0102
287,MOVIE0101
287,MOVIE0102
287,MOVIE0103
287,MOVIE0104
287,MOVIE0301
287,ACMGT0102
288,MOVIE0101
288,MOVIE0102
288,MOVIE0103
288,MOVIE0104
288,MOVIE0301
288,ACMGT0102
289,MOVIE0101
289,MOVIE0102
289,MOVIE0103
289,MOVIE0104
289,MOVIE0301
289,ACMGT0102
290,MOVIE0101
290,MOVIE0102
290,MOVIE0103
290,MOVIE0104
290,MOVIE0301
290,ACMGT0102
291,MOVIE0101
291,MOVIE0102
291,MOVIE0103
291,MOVIE0104
291,MOVIE0301
291,ACMGT0102
292,MOVIE0101
292,MOVIE0102
292,MOVIE0103
292,MOVIE0104
292,MOVIE0301
292,ACMGT0102
293,MOVIE0101
293,MOVIE0102
293,MOVIE0103
293,MOVIE0104
293,MOVIE0301
293,ACMGT0102
294,MOVIE0101
294,MOVIE0102
294,MOVIE0103
294,MOVIE0104
294,MOVIE0301
294,ACMGT0102
295,MOVIE0101
295,MOVIE0102
295,MOVIE0103
295,MOVIE0104
295,MOVIE0301
295,ACMGT0102
296,MOVIE0101
296,MOVIE0102
296,MOVIE0103
296,MOVIE0104
296,MOVIE0301
296,ACMGT0102
297,MOVIE0101
297,MOVIE0102
297,MOVIE0103
297,MOVIE0104
297,MOVIE0301
297,ACMGT0102
298,MOVIE0101
298,MOVIE0102
298,MOVIE0103
298,MOVIE0104
298,MOVIE0301
298,ACMGT0102
299,MOVIE0101
299,MOVIE0102
299,MOVIE0103
299,MOVIE0104
299,MOVIE0301
299,ACMGT0102
300,MOVIE0101
300,MOVIE0102
300,MOVIE0103
300,MOVIE0104
300,MOVIE0301
300,ACMGT0102
301,MOVIE0101
301,MOVIE0102
301,MOVIE0103
301,MOVIE0104
301,MOVIE0301
301,ACMGT0102
302,MOVIE0101
302,MOVIE0102
302,MOVIE0103
302,MOVIE0104
302,MOVIE0301
302,ACMGT0102
303,MOVIE0101
303,MOVIE0102
303,MOVIE0103
303,MOVIE0104
303,MOVIE0301
303,ACMGT0102
304,MOVIE0101
304,MOVIE0102
304,MOVIE0103
304,MOVIE0104
304,MOVIE0301
304,ACMGT0102
305,MOVIE0101
305,MOVIE0102
305,MOVIE0103
305,MOVIE0104
305,MOVIE0301
305,ACMGT0102
306,MOVIE0101
306,MOVIE0102
306,MOVIE0103
306,MOVIE0104
306,MOVIE0301
306,ACMGT0102
307,MOVIE0101
307,MOVIE0102
307,MOVIE0103
307,MOVIE0104
307,MOVIE0301
307,ACMGT0102
308,MOVIE0101
308,MOVIE0102
308,MOVIE0103
308,MOVIE0104
308,MOVIE0301
308,ACMGT0102
309,MOVIE0101
309,MOVIE0102
309,MOVIE0103
309,MOVIE0104
309,MOVIE0301
309,ACMGT0102
310,MOVIE0101
310,MOVIE0102
310,MOVIE0103
310,MOVIE0104
310,MOVIE0301
310,ACMGT0102
311,MOVIE0101
311,MOVIE0102
311,MOVIE0103
311,MOVIE0104
311,MOVIE0301
311,ACMGT0102
312,MOVIE0101
312,MOVIE0102
312,MOVIE0103
312,MOVIE0104
312,MOVIE0301
312,ACMGT0102
313,MOVIE0101
313,MOVIE0102
313,MOVIE0103
313,MOVIE0104
313,MOVIE0301
313,ACMGT0102
314,MOVIE0101
314,MOVIE0102
314,MOVIE0103
314,MOVIE0104
314,MOVIE0301
314,ACMGT0102
315,MOVIE0101
315,MOVIE0102
315,MOVIE0103
315,MOVIE0104
315,MOVIE0301
315,ACMGT0102
316,MOVIE0101
316,MOVIE0102
316,MOVIE0103
316,MOVIE0104
316,MOVIE0301
316,ACMGT0102
317,MOVIE0101
317,MOVIE0102
317,MOVIE0103
317,MOVIE0104
317,MOVIE0301
317,ACMGT0102
318,MOVIE0101
318,MOVIE0102
318,MOVIE0103
318,MOVIE0104
318,MOVIE0301
318,ACMGT0102
319,MOVIE0101
319,MOVIE0102
319,MOVIE0103
319,MOVIE0104
319,MOVIE0301
319,ACMGT0102
320,MOVIE0101
320,MOVIE0102
320,MOVIE0103
320,MOVIE0104
320,MOVIE0301
320,ACMGT0102
321,MOVIE0101
321,MOVIE0102
321,MOVIE0103
321,MOVIE0104
321,MOVIE0301
321,ACMGT0102
322,MOVIE0101
322,MOVIE0102
322,MOVIE0103
322,MOVIE0104
322,MOVIE0301
322,ACMGT0102
323,MOVIE0101
323,MOVIE0102
323,MOVIE0103
323,MOVIE0104
323,MOVIE0301
323,ACMGT0102
324,MOVIE0101
324,MOVIE0102
324,MOVIE0103
324,MOVIE0104
324,MOVIE0301
324,ACMGT0102
325,MOVIE0101
325,MOVIE0102
325,MOVIE0103
325,MOVIE0104
325,MOVIE0301
325,ACMGT0102
326,MOVIE0101
326,MOVIE0102
326,MOVIE0103
326,MOVIE0104
326,MOVIE0301
326,ACMGT0102
327,MOVIE0101
327,MOVIE0102
327,MOVIE0103
327,MOVIE0104
327,MOVIE0301
327,ACMGT0102
328,MOVIE0101
328,MOVIE0102
328,MOVIE0103
328,MOVIE0104
328,MOVIE0301
328,ACMGT0102
329,MOVIE0101
329,MOVIE0102
329,MOVIE0103
329,MOVIE0104
329,MOVIE0301
329,ACMGT0102
330,MOVIE0101
330,MOVIE0102
330,MOVIE0103
330,MOVIE0104
330,MOVIE0301
330,ACMGT0102
331,MOVIE0101
331,MOVIE0102
331,MOVIE0103
331,MOVIE0104
331,MOVIE0301
331,ACMGT0102
332,MOVIE0101
332,MOVIE0102
332,MOVIE0103
332,MOVIE0104
332,MOVIE0301
332,ACMGT0102
333,MOVIE0101
333,MOVIE0102
333,MOVIE0103
333,MOVIE0104
333,MOVIE0301
333,ACMGT0102
334,MOVIE0101
334,MOVIE0102
334,MOVIE0103
334,MOVIE0104
334,MOVIE0301
334,ACMGT0102
335,MOVIE0101
335,MOVIE0102
335,MOVIE0103
335,MOVIE0104
335,MOVIE0301
335,ACMGT0102
336,MOVIE0101
336,MOVIE0102
336,MOVIE0103
336,MOVIE0104
336,MOVIE0301
336,ACMGT0102
337,MOVIE0101
337,MOVIE0102
337,MOVIE0103
337,MOVIE0104
337,MOVIE0301
337,ACMGT0102
338,MOVIE0101
338,MOVIE0102
338,MOVIE0103
338,MOVIE0104
338,MOVIE0301
338,ACMGT0102
339,MOVIE0101
339,MOVIE0102
339,MOVIE0103
339,MOVIE0104
339,MOVIE0301
339,ACMGT0102
340,MOVIE0101
340,MOVIE0102
340,MOVIE0103
340,MOVIE0104
340,MOVIE0301
340,ACMGT0102
341,MOVIE0101
341,MOVIE0102
341,MOVIE0103
341,MOVIE0104
341,MOVIE0301
341,ACMGT0102
342,MOVIE0101
342,MOVIE0102
342,MOVIE0103
342,MOVIE0104
342,MOVIE0301
342,ACMGT0102
343,MOVIE0101
343,MOVIE0102
343,MOVIE0103
343,MOVIE0104
343,MOVIE0301
343,ACMGT0102
344,MOVIE0101
344,MOVIE0102
344,MOVIE0103
344,MOVIE0104
344,MOVIE0301
344,ACMGT0102
345,MOVIE0101
345,MOVIE0102
345,MOVIE0103
345,MOVIE0104
345,MOVIE0301
345,ACMGT0102
346,MOVIE0101
346,MOVIE0102
346,MOVIE0103
346,MOVIE0104
346,MOVIE0301
346,ACMGT0102
347,MOVIE0101
347,MOVIE0102
347,MOVIE0103
347,MOVIE0104
347,MOVIE0301
347,ACMGT0102
348,MOVIE0101
348,MOVIE0102
348,MOVIE0103
348,MOVIE0104
348,MOVIE0301
348,ACMGT0102
349,MOVIE0101
349,MOVIE0102
349,MOVIE0103
349,MOVIE0104
349,MOVIE0301
349,ACMGT0102
350,MOVIE0101
350,MOVIE0102
350,MOVIE0103
350,MOVIE0104
350,MOVIE0301
350,ACMGT0102
351,MOVIE0101
351,MOVIE0102
351,MOVIE0103
351,MOVIE0104
351,MOVIE0301
351,ACMGT0102
352,MOVIE0101
352,MOVIE0102
352,MOVIE0103
352,MOVIE0104
352,MOVIE0301
352,ACMGT0102
353,MOVIE0101
353,MOVIE0102
353,MOVIE0103
353,MOVIE0104
353,MOVIE0301
353,ACMGT0102
354,MOVIE0101
354,MOVIE0102
354,MOVIE0103
354,MOVIE0104
354,MOVIE0301
354,ACMGT0102
355,MOVIE0101
355,MOVIE0102
355,MOVIE0103
355,MOVIE0104
355,MOVIE0301
355,ACMGT0102
356,MOVIE0101
356,MOVIE0102
356,MOVIE0103
356,MOVIE0104
356,MOVIE0301
356,ACMGT0102
357,MOVIE0101
357,MOVIE0102
357,MOVIE0103
357,MOVIE0104
357,MOVIE0301
357,ACMGT0102
358,MOVIE0101
358,MOVIE0102
358,MOVIE0103
358,MOVIE0104
358,MOVIE0301
358,ACMGT0102
359,MOVIE0101
359,MOVIE0102
359,MOVIE0103
359,MOVIE0104
359,MOVIE0301
359,ACMGT0102
360,MOVIE0101
360,MOVIE0102
360,MOVIE0103
360,MOVIE0104
360,MOVIE0301
360,ACMGT0102
361,MOVIE0101
361,MOVIE0102
361,MOVIE0103
361,MOVIE0104
361,MOVIE0301
361,ACMGT0102
362,MOVIE0101
362,MOVIE0102
362,MOVIE0103
362,MOVIE0104
362,MOVIE0301
362,ACMGT0102
363,MOVIE0101
363,MOVIE0102
363,MOVIE0103
363,MOVIE0104
363,MOVIE0301
363,ACMGT0102
364,MOVIE0101
364,MOVIE0102
364,MOVIE0103
364,MOVIE0104
364,MOVIE0301
364,ACMGT0102
365,MOVIE0101
365,MOVIE0102
365,MOVIE0103
365,MOVIE0104
365,MOVIE0301
365,ACMGT0102
366,MOVIE0101
366,MOVIE0102
366,MOVIE0103
366,MOVIE0104
366,MOVIE0301
366,ACMGT0102
367,MOVIE0101
367,MOVIE0102
367,MOVIE0103
367,MOVIE0104
367,MOVIE0301
367,ACMGT0102
368,MOVIE0101
368,MOVIE0102
368,MOVIE0103
368,MOVIE0104
368,MOVIE0301
368,ACMGT0102
369,MOVIE0101
369,MOVIE0102
369,MOVIE0103
369,MOVIE0104
369,MOVIE0301
369,ACMGT0102
370,MOVIE0101
370,MOVIE0102
370,MOVIE0103
370,MOVIE0104
370,MOVIE0301
370,ACMGT0102
371,MOVIE0101
371,MOVIE0102
371,MOVIE0103
371,MOVIE0104
371,MOVIE0301
371,ACMGT0102
372,MOVIE0101
372,MOVIE0102
372,MOVIE0103
372,MOVIE0104
372,MOVIE0301
372,ACMGT0102
373,MOVIE0101
373,MOVIE0102
373,MOVIE0103
373,MOVIE0104
373,MOVIE0301
373,ACMGT0102
374,MOVIE0101
374,MOVIE0102
374,MOVIE0103
374,MOVIE0104
374,MOVIE0301
374,ACMGT0102
375,MOVIE0101
375,MOVIE0102
375,MOVIE0103
375,MOVIE0104
375,MOVIE0301
375,ACMGT0102
376,MOVIE0101
376,MOVIE0102
376,MOVIE0103
376,MOVIE0104
376,MOVIE0301
376,ACMGT0102
377,MOVIE0101
377,MOVIE0102
377,MOVIE0103
377,MOVIE0104
377,MOVIE0301
377,ACMGT0102
378,MOVIE0101
378,MOVIE0102
378,MOVIE0103
378,MOVIE0104
378,MOVIE0301
378,ACMGT0102
379,MOVIE0101
379,MOVIE0102
379,MOVIE0103
379,MOVIE0104
379,MOVIE0301
379,ACMGT0102
380,MOVIE0101
380,MOVIE0102
380,MOVIE0103
380,MOVIE0104
380,MOVIE0301
380,ACMGT0102
381,MOVIE0101
381,MOVIE0102
381,MOVIE0103
381,MOVIE0104
381,MOVIE0301
381,ACMGT0102
382,MOVIE0101
382,MOVIE0102
382,MOVIE0103
382,MOVIE0104
382,MOVIE0301
382,ACMGT0102
383,MOVIE0101
383,MOVIE0102
383,MOVIE0103
383,MOVIE0104
383,MOVIE0301
383,ACMGT0102
384,MOVIE0101
384,MOVIE0102
384,MOVIE0103
384,MOVIE0104
384,MOVIE0301
384,ACMGT0102
385,MOVIE0101
385,MOVIE0102
385,MOVIE0103
385,MOVIE0104
385,MOVIE0301
385,ACMGT0102
386,MOVIE0101
386,MOVIE0102
386,MOVIE0103
386,MOVIE0104
386,MOVIE0301
386,ACMGT0102
387,MOVIE0101
387,MOVIE0102
387,MOVIE0103
387,MOVIE0104
387,MOVIE0301
387,ACMGT0102
388,MOVIE0101
388,MOVIE0102
388,MOVIE0103
388,MOVIE0104
388,MOVIE0301
388,ACMGT0102
389,MOVIE0101
389,MOVIE0102
389,MOVIE0103
389,MOVIE0104
389,MOVIE0301
389,ACMGT0102
390,MOVIE0101
390,MOVIE0102
390,MOVIE0103
390,MOVIE0104
390,MOVIE0301
390,ACMGT0102
391,MOVIE0101
391,MOVIE0102
391,MOVIE0103
391,MOVIE0104
391,MOVIE0301
391,ACMGT0102
392,MOVIE0101
392,MOVIE0102
392,MOVIE0103
392,MOVIE0104
392,MOVIE0301
392,ACMGT0102
393,MOVIE0101
393,MOVIE0102
393,MOVIE0103
393,MOVIE0104
393,MOVIE0301
393,ACMGT0102
394,MOVIE0101
394,MOVIE0102
394,MOVIE0103
394,MOVIE0104
394,MOVIE0301
394,ACMGT0102
395,MOVIE0101
395,MOVIE0102
395,MOVIE0103
395,MOVIE0104
395,MOVIE0301
395,ACMGT0102
396,MOVIE0101
396,MOVIE0102
396,MOVIE0103
396,MOVIE0104
396,MOVIE0301
396,ACMGT0102
397,MOVIE0101
397,MOVIE0102
397,MOVIE0103
397,MOVIE0104
397,MOVIE0301
397,ACMGT0102
398,MOVIE0101
398,MOVIE0102
398,MOVIE0103
398,MOVIE0104
398,MOVIE0301
398,ACMGT0102
399,MOVIE0101
399,MOVIE0102
399,MOVIE0103
399,MOVIE0104
399,MOVIE0301
399,ACMGT0102
400,MOVIE0101
400,MOVIE0102
400,MOVIE0103
400,MOVIE0104
400,MOVIE0301
400,ACMGT0102
401,MOVIE0101
401,MOVIE0102
401,MOVIE0103
401,MOVIE0104
401,MOVIE0301
401,ACMGT0102
402,MOVIE0101
402,MOVIE0102
402,MOVIE0103
402,MOVIE0104
402,MOVIE0301
402,ACMGT0102
403,MOVIE0101
403,MOVIE0102
403,MOVIE0103
403,MOVIE0104
403,MOVIE0301
403,ACMGT0102
404,MOVIE0101
404,MOVIE0102
404,MOVIE0103
404,MOVIE0104
404,MOVIE0301
404,ACMGT0102
405,MOVIE0101
405,MOVIE0102
405,MOVIE0103
405,MOVIE0104
405,MOVIE0301
405,ACMGT0102
406,MOVIE0101
406,MOVIE0102
406,MOVIE0103
406,MOVIE0104
406,MOVIE0301
406,ACMGT0102
407,MOVIE0101
407,MOVIE0102
407,MOVIE0103
407,MOVIE0104
407,MOVIE0301
407,ACMGT0102
408,MOVIE0101
408,MOVIE0102
408,MOVIE0103
408,MOVIE0104
408,MOVIE0301
408,ACMGT0102
409,MOVIE0101
409,MOVIE0102
409,MOVIE0103
409,MOVIE0104
409,MOVIE0301
409,ACMGT0102
410,MOVIE0101
410,MOVIE0102
410,MOVIE0103
410,MOVIE0104
410,MOVIE0301
410,ACMGT0102
411,MOVIE0101
411,MOVIE0102
411,MOVIE0103
411,MOVIE0104
411,MOVIE0301
411,ACMGT0102
412,MOVIE0101
412,MOVIE0102
412,MOVIE0103
412,MOVIE0104
412,MOVIE0301
412,ACMGT0102
413,MOVIE0101
413,MOVIE0102
413,MOVIE0103
413,MOVIE0104
413,MOVIE0301
413,ACMGT0102
414,MOVIE0101
414,MOVIE0102
414,MOVIE0103
414,MOVIE0104
414,MOVIE0301
414,ACMGT0102
415,MOVIE0101
415,MOVIE0102
415,MOVIE0103
415,MOVIE0104
415,MOVIE0301
415,ACMGT0102
416,MOVIE0101
416,MOVIE0102
416,MOVIE0103
416,MOVIE0104
416,MOVIE0301
416,ACMGT0102
417,MOVIE0101
417,MOVIE0102
417,MOVIE0103
417,MOVIE0104
417,MOVIE0301
417,ACMGT0102
418,MOVIE0101
418,MOVIE0102
418,MOVIE0103
418,MOVIE0104
418,MOVIE0301
418,ACMGT0102
419,MOVIE0101
419,MOVIE0102
419,MOVIE0103
419,MOVIE0104
419,MOVIE0301
419,ACMGT0102
420,MOVIE0101
420,MOVIE0102
420,MOVIE0103
420,MOVIE0104
420,MOVIE0301
420,ACMGT0102
421,MOVIE0101
421,MOVIE0102
421,MOVIE0103
421,MOVIE0104
421,MOVIE0301
421,ACMGT0102
422,MOVIE0101
422,MOVIE0102
422,MOVIE0103
422,MOVIE0104
422,MOVIE0301
422,ACMGT0102
423,MOVIE0101
423,MOVIE0102
423,MOVIE0103
423,MOVIE0104
423,MOVIE0301
423,ACMGT0102
424,MOVIE0101
424,MOVIE0102
424,MOVIE0103
424,MOVIE0104
424,MOVIE0301
424,ACMGT0102
425,MOVIE0101
425,MOVIE0102
425,MOVIE0103
425,MOVIE0104
425,MOVIE0301
425,ACMGT0102
426,MOVIE0101
426,MOVIE0102
426,MOVIE0103
426,MOVIE0104
426,MOVIE0301
426,ACMGT0102
427,MOVIE0101
427,MOVIE0102
427,MOVIE0103
427,MOVIE0104
427,MOVIE0301
427,ACMGT0102
428,MOVIE0101
428,MOVIE0102
428,MOVIE0103
428,MOVIE0104
428,MOVIE0301
428,ACMGT0102
429,MOVIE0101
429,MOVIE0102
429,MOVIE0103
429,MOVIE0104
429,MOVIE0301
429,ACMGT0102
430,MOVIE0101
430,MOVIE0102
430,MOVIE0103
430,MOVIE0104
430,MOVIE0301
430,ACMGT0102
431,MOVIE0101
431,MOVIE0102
431,MOVIE0103
431,MOVIE0104
431,MOVIE0301
431,ACMGT0102
432,MOVIE0101
432,MOVIE0102
432,MOVIE0103
432,MOVIE0104
432,MOVIE0301
432,ACMGT0102
433,MOVIE0101
433,MOVIE0102
433,MOVIE0103
433,MOVIE0104
433,MOVIE0301
433,ACMGT0102
434,MOVIE0101
434,MOVIE0102
434,MOVIE0103
434,MOVIE0104
434,MOVIE0301
434,ACMGT0102
435,MOVIE0101
435,MOVIE0102
435,MOVIE0103
435,MOVIE0104
435,MOVIE0301
435,ACMGT0102
436,MOVIE0101
436,MOVIE0102
436,MOVIE0103
436,MOVIE0104
436,MOVIE0301
436,ACMGT0102
437,MOVIE0101
437,MOVIE0102
437,MOVIE0103
437,MOVIE0104
437,MOVIE0301
437,ACMGT0102
438,MOVIE0101
438,MOVIE0102
438,MOVIE0103
438,MOVIE0104
438,MOVIE0301
438,ACMGT0102
439,MOVIE0101
439,MOVIE0102
439,MOVIE0103
439,MOVIE0104
439,MOVIE0301
439,ACMGT0102
440,MOVIE0101
440,MOVIE0102
440,MOVIE0103
440,MOVIE0104
440,MOVIE0301
440,ACMGT0102
441,MOVIE0101
441,MOVIE0102
441,MOVIE0103
441,MOVIE0104
441,MOVIE0301
441,ACMGT0102
442,MOVIE0101
442,MOVIE0102
442,MOVIE0103
442,MOVIE0104
442,MOVIE0301
442,ACMGT0102
443,MOVIE0101
443,MOVIE0102
443,MOVIE0103
443,MOVIE0104
443,MOVIE0301
443,ACMGT0102
444,MOVIE0101
444,MOVIE0102
444,MOVIE0103
444,MOVIE0104
444,MOVIE0301
444,ACMGT0102
445,MOVIE0101
445,MOVIE0102
445,MOVIE0103
445,MOVIE0104
445,MOVIE0301
445,ACMGT0102
446,MOVIE0101
446,MOVIE0102
446,MOVIE0103
446,MOVIE0104
446,MOVIE0301
446,ACMGT0102
447,MOVIE0101
447,MOVIE0102
447,MOVIE0103
447,MOVIE0104
447,MOVIE0301
447,ACMGT0102
448,MOVIE0101
448,MOVIE0102
448,MOVIE0103
448,MOVIE0104
448,MOVIE0301
448,ACMGT0102
449,MOVIE0101
449,MOVIE0102
449,MOVIE0103
449,MOVIE0104
449,MOVIE0301
449,ACMGT0102
450,MOVIE0101
450,MOVIE0102
450,MOVIE0103
450,MOVIE0104
450,MOVIE0301
450,ACMGT0102
451,MOVIE0101
451,MOVIE0102
451,MOVIE0103
451,MOVIE0104
451,MOVIE0301
451,ACMGT0102
452,MOVIE0101
452,MOVIE0102
452,MOVIE0103
452,MOVIE0104
452,MOVIE0301
452,ACMGT0102
453,MOVIE0101
453,MOVIE0102
453,MOVIE0103
453,MOVIE0104
453,MOVIE0301
453,ACMGT0102
454,MOVIE0101
454,MOVIE0102
454,MOVIE0103
454,MOVIE0104
454,MOVIE0301
454,ACMGT0102
455,MOVIE0101
455,MOVIE0102
455,MOVIE0103
455,MOVIE0104
455,MOVIE0301
455,ACMGT0102
456,MOVIE0101
456,MOVIE0102
456,MOVIE0103
456,MOVIE0104
456,MOVIE0301
456,ACMGT0102
457,MOVIE0101
457,MOVIE0102
457,MOVIE0103
457,MOVIE0104
457,MOVIE0301
457,ACMGT0102
458,MOVIE0101
458,MOVIE0102
458,MOVIE0103
458,MOVIE0104
458,MOVIE0301
458,ACMGT0102
459,MOVIE0101
459,MOVIE0102
459,MOVIE0103
459,MOVIE0104
459,MOVIE0301
459,ACMGT0102
460,MOVIE0101
460,MOVIE0102
460,MOVIE0103
460,MOVIE0104
460,MOVIE0301
460,ACMGT0102
461,MOVIE0101
461,MOVIE0102
461,MOVIE0103
461,MOVIE0104
461,MOVIE0301
461,ACMGT0102
462,MOVIE0101
462,MOVIE0102
462,MOVIE0103
462,MOVIE0104
462,MOVIE0301
462,ACMGT0102
463,MOVIE0101
463,MOVIE0102
463,MOVIE0103
463,MOVIE0104
463,MOVIE0301
463,ACMGT0102
464,MOVIE0101
464,MOVIE0102
464,MOVIE0103
464,MOVIE0104
464,MOVIE0301
464,ACMGT0102
465,MOVIE0101
465,MOVIE0102
465,MOVIE0103
465,MOVIE0104
465,MOVIE0301
465,ACMGT0102
466,MOVIE0101
466,MOVIE0102
466,MOVIE0103
466,MOVIE0104
466,MOVIE0301
466,ACMGT0102
467,MOVIE0101
467,MOVIE0102
467,MOVIE0103
467,MOVIE0104
467,MOVIE0301
467,ACMGT0102
468,MOVIE0101
468,MOVIE0102
468,MOVIE0103
468,MOVIE0104
468,MOVIE0301
468,ACMGT0102
469,MOVIE0101
469,MOVIE0102
469,MOVIE0103
469,MOVIE0104
469,MOVIE0301
469,ACMGT0102
470,MOVIE0101
470,MOVIE0102
470,MOVIE0103
470,MOVIE0104
470,MOVIE0301
470,ACMGT0102
471,MOVIE0101
471,MOVIE0102
471,MOVIE0103
471,MOVIE0104
471,MOVIE0301
471,ACMGT0102
472,MOVIE0101
472,MOVIE0102
472,MOVIE0103
472,MOVIE0104
472,MOVIE0301
472,ACMGT0102
473,MOVIE0101
473,MOVIE0102
473,MOVIE0103
473,MOVIE0104
473,MOVIE0301
473,ACMGT0102
474,MOVIE0101
474,MOVIE0102
474,MOVIE0103
474,MOVIE0104
474,MOVIE0301
474,ACMGT0102
475,MOVIE0101
475,MOVIE0102
475,MOVIE0103
475,MOVIE0104
475,MOVIE0301
475,ACMGT0102
476,MOVIE0101
476,MOVIE0102
476,MOVIE0103
476,MOVIE0104
476,MOVIE0301
476,ACMGT0102
477,MOVIE0101
477,MOVIE0102
477,MOVIE0103
477,MOVIE0104
477,MOVIE0301
477,ACMGT0102
478,MOVIE0101
478,MOVIE0102
478,MOVIE0103
478,MOVIE0104
478,MOVIE0301
478,ACMGT0102
479,MOVIE0101
479,MOVIE0102
479,MOVIE0103
479,MOVIE0104
479,MOVIE0301
479,ACMGT0102
480,MOVIE0101
480,MOVIE0102
480,MOVIE0103
480,MOVIE0104
480,MOVIE0301
480,ACMGT0102
481,MOVIE0101
481,MOVIE0102
481,MOVIE0103
481,MOVIE0104
481,MOVIE0301
481,ACMGT0102
482,MOVIE0101
482,MOVIE0102
482,MOVIE0103
482,MOVIE0104
482,MOVIE0301
482,ACMGT0102
483,MOVIE0101
483,MOVIE0102
483,MOVIE0103
483,MOVIE0104
483,MOVIE0301
483,ACMGT0102
484,MOVIE0101
484,MOVIE0102
484,MOVIE0103
484,MOVIE0104
484,MOVIE0301
484,ACMGT0102
485,MOVIE0101
485,MOVIE0102
485,MOVIE0103
485,MOVIE0104
485,MOVIE0301
485,ACMGT0102
486,MOVIE0101
486,MOVIE0102
486,MOVIE0103
486,MOVIE0104
486,MOVIE0301
486,ACMGT0102
487,MOVIE0101
487,MOVIE0102
487,MOVIE0103
487,MOVIE0104
487,MOVIE0301
487,ACMGT0102
488,MOVIE0101
488,MOVIE0102
488,MOVIE0103
488,MOVIE0104
488,MOVIE0301
488,ACMGT0102
489,MOVIE0101
489,MOVIE0102
489,MOVIE0103
489,MOVIE0104
489,MOVIE0301
489,ACMGT0102
490,MOVIE0101
490,MOVIE0102
490,MOVIE0103
490,MOVIE0104
490,MOVIE0301
490,ACMGT0102
491,MOVIE0101
491,MOVIE0102
491,MOVIE0103
491,MOVIE0104
491,MOVIE0301
491,ACMGT0102
492,MOVIE0101
492,MOVIE0102
492,MOVIE0103
492,MOVIE0104
492,MOVIE0301
492,ACMGT0102
493,MOVIE0101
493,MOVIE0102
493,MOVIE0103
493,MOVIE0104
493,MOVIE0301
493,ACMGT0102
494,MOVIE0101
494,MOVIE0102
494,MOVIE0103
494,MOVIE0104
494,MOVIE0301
494,ACMGT0102
495,MOVIE0101
495,MOVIE0102
495,MOVIE0103
495,MOVIE0104
495,MOVIE0301
495,ACMGT0102
496,MOVIE0101
496,MOVIE0102
496,MOVIE0103
496,MOVIE0104
496,MOVIE0301
496,ACMGT0102
497,MOVIE0101
497,MOVIE0102
497,MOVIE0103
497,MOVIE0104
497,MOVIE0301
497,ACMGT0102
498,MOVIE0101
498,MOVIE0102
498,MOVIE0103
498,MOVIE0104
498,MOVIE0301
498,ACMGT0102
499,MOVIE0101
499,MOVIE0102
499,MOVIE0103
499,MOVIE0104
499,MOVIE0301
499,ACMGT0102
500,MOVIE0101
500,MOVIE0102
500,MOVIE0103
500,MOVIE0104
500,MOVIE0301
500,ACMGT0102
501,MOVIE0101
501,MOVIE0102
501,MOVIE0103
501,MOVIE0104
501,MOVIE0301
501,ACMGT0102
502,MOVIE0101
502,MOVIE0102
502,MOVIE0103
502,MOVIE0104
502,MOVIE0301
502,ACMGT0102
503,MOVIE0101
503,MOVIE0102
503,MOVIE0103
503,MOVIE0104
503,MOVIE0301
503,ACMGT0102
504,MOVIE0101
504,MOVIE0102
504,MOVIE0103
504,MOVIE0104
504,MOVIE0301
504,ACMGT0102
505,MOVIE0101
505,MOVIE0102
505,MOVIE0103
505,MOVIE0104
505,MOVIE0301
505,ACMGT0102
506,MOVIE0101
506,MOVIE0102
506,MOVIE0103
506,MOVIE0104
506,MOVIE0301
506,ACMGT0102
507,MOVIE0101
507,MOVIE0102
507,MOVIE0103
507,MOVIE0104
507,MOVIE0301
507,ACMGT0102
508,MOVIE0101
508,MOVIE0102
508,MOVIE0103
508,MOVIE0104
508,MOVIE0301
508,ACMGT0102
509,MOVIE0101
509,MOVIE0102
509,MOVIE0103
509,MOVIE0104
509,MOVIE0301
509,ACMGT0102
510,MOVIE0101
510,MOVIE0102
510,MOVIE0103
510,MOVIE0104
510,MOVIE0301
510,ACMGT0102
511,MOVIE0101
511,MOVIE0102
511,MOVIE0103
511,MOVIE0104
511,MOVIE0301
511,ACMGT0102
512,MOVIE0101
512,MOVIE0102
512,MOVIE0103
512,MOVIE0104
512,MOVIE0301
512,ACMGT0102
513,MOVIE0101
513,MOVIE0102
513,MOVIE0103
513,MOVIE0104
513,MOVIE0301
513,ACMGT0102
514,MOVIE0101
514,MOVIE0102
514,MOVIE0103
514,MOVIE0104
514,MOVIE0301
514,ACMGT0102
515,MOVIE0101
515,MOVIE0102
515,MOVIE0103
515,MOVIE0104
515,MOVIE0301
515,ACMGT0102
516,MOVIE0101
516,MOVIE0102
516,MOVIE0103
516,MOVIE0104
516,MOVIE0301
516,ACMGT0102
517,MOVIE0101
517,MOVIE0102
517,MOVIE0103
517,MOVIE0104
517,MOVIE0301
517,ACMGT0102
518,MOVIE0101
518,MOVIE0102
518,MOVIE0103
518,MOVIE0104
518,MOVIE0301
518,ACMGT0102
519,MOVIE0101
519,MOVIE0102
519,MOVIE0103
519,MOVIE0104
519,MOVIE0301
519,ACMGT0102
520,MOVIE0101
520,MOVIE0102
520,MOVIE0103
520,MOVIE0104
520,MOVIE0301
520,ACMGT0102
521,MOVIE0101
521,MOVIE0102
521,MOVIE0103
521,MOVIE0104
521,MOVIE0301
521,ACMGT0102
522,MOVIE0101
522,MOVIE0102
522,MOVIE0103
522,MOVIE0104
522,MOVIE0301
522,ACMGT0102
523,MOVIE0101
523,MOVIE0102
523,MOVIE0103
523,MOVIE0104
523,MOVIE0301
523,ACMGT0102
524,MOVIE0101
524,MOVIE0102
524,MOVIE0103
524,MOVIE0104
524,MOVIE0301
524,ACMGT0102
525,MOVIE0101
525,MOVIE0102
525,MOVIE0103
525,MOVIE0104
525,MOVIE0301
525,ACMGT0102
526,MOVIE0101
526,MOVIE0102
526,MOVIE0103
526,MOVIE0104
526,MOVIE0301
526,ACMGT0102
527,MOVIE0101
527,MOVIE0102
527,MOVIE0103
527,MOVIE0104
527,MOVIE0301
527,ACMGT0102
528,MOVIE0101
528,MOVIE0102
528,MOVIE0103
528,MOVIE0104
528,MOVIE0301
528,ACMGT0102
529,MOVIE0101
529,MOVIE0102
529,MOVIE0103
529,MOVIE0104
529,MOVIE0301
529,ACMGT0102
530,MOVIE0101
530,MOVIE0102
530,MOVIE0103
530,MOVIE0104
530,MOVIE0301
530,ACMGT0102
531,MOVIE0101
531,MOVIE0102
531,MOVIE0103
531,MOVIE0104
531,MOVIE0301
531,ACMGT0102
532,MOVIE0101
532,MOVIE0102
532,MOVIE0103
532,MOVIE0104
532,MOVIE0301
532,ACMGT0102
533,MOVIE0101
533,MOVIE0102
533,MOVIE0103
533,MOVIE0104
533,MOVIE0301
533,ACMGT0102
534,MOVIE0101
534,MOVIE0102
534,MOVIE0103
534,MOVIE0104
534,MOVIE0301
534,ACMGT0102
535,MOVIE0101
535,MOVIE0102
535,MOVIE0103
535,MOVIE0104
535,MOVIE0301
535,ACMGT0102
536,MOVIE0101
536,MOVIE0102
536,MOVIE0103
536,MOVIE0104
536,MOVIE0301
536,ACMGT0102
537,MOVIE0101
537,MOVIE0102
537,MOVIE0103
537,MOVIE0104
537,MOVIE0301
537,ACMGT0102
538,MOVIE0101
538,MOVIE0102
538,MOVIE0103
538,MOVIE0104
538,MOVIE0301
538,ACMGT0102
539,MOVIE0101
539,MOVIE0102
539,MOVIE0103
539,MOVIE0104
539,MOVIE0301
539,ACMGT0102
540,MOVIE0101
540,MOVIE0102
540,MOVIE0103
540,MOVIE0104
540,MOVIE0301
540,ACMGT0102
541,MOVIE0101
541,MOVIE0102
541,MOVIE0103
541,MOVIE0104
541,MOVIE0301
541,ACMGT0102
542,MOVIE0101
542,MOVIE0102
542,MOVIE0103
542,MOVIE0104
542,MOVIE0301
542,ACMGT0102
543,MOVIE0101
543,MOVIE0102
543,MOVIE0103
543,MOVIE0104
543,MOVIE0301
543,ACMGT0102
544,MOVIE0101
544,MOVIE0102
544,MOVIE0103
544,MOVIE0104
544,MOVIE0301
544,ACMGT0102
545,MOVIE0101
545,MOVIE0102
545,MOVIE0103
545,MOVIE0104
545,MOVIE0301
545,ACMGT0102
546,MOVIE0101
546,MOVIE0102
546,MOVIE0103
546,MOVIE0104
546,MOVIE0301
546,ACMGT0102
547,MOVIE0101
547,MOVIE0102
547,MOVIE0103
547,MOVIE0104
547,MOVIE0301
547,ACMGT0102
548,MOVIE0101
548,MOVIE0102
548,MOVIE0103
548,MOVIE0104
548,MOVIE0301
548,ACMGT0102
549,MOVIE0101
549,MOVIE0102
549,MOVIE0103
549,MOVIE0104
549,MOVIE0301
549,ACMGT0102
550,MOVIE0101
550,MOVIE0102
550,MOVIE0103
550,MOVIE0104
550,MOVIE0301
550,ACMGT0102
551,MOVIE0101
551,MOVIE0102
551,MOVIE0103
551,MOVIE0104
551,MOVIE0301
551,ACMGT0102
552,MOVIE0101
552,MOVIE0102
552,MOVIE0103
552,MOVIE0104
552,MOVIE0301
552,ACMGT0102
553,MOVIE0101
553,MOVIE0102
553,MOVIE0103
553,MOVIE0104
553,MOVIE0301
553,ACMGT0102
554,MOVIE0101
554,MOVIE0102
554,MOVIE0103
554,MOVIE0104
554,MOVIE0301
554,ACMGT0102
555,MOVIE0101
555,MOVIE0102
555,MOVIE0103
555,MOVIE0104
555,MOVIE0301
555,ACMGT0102
556,MOVIE0101
556,MOVIE0102
556,MOVIE0103
556,MOVIE0104
556,MOVIE0301
556,ACMGT0102
557,MOVIE0101
557,MOVIE0102
557,MOVIE0103
557,MOVIE0104
557,MOVIE0301
557,ACMGT0102
558,MOVIE0101
558,MOVIE0102
558,MOVIE0103
558,MOVIE0104
558,MOVIE0301
558,ACMGT0102
559,MOVIE0101
559,MOVIE0102
559,MOVIE0103
559,MOVIE0104
559,MOVIE0301
559,ACMGT0102
560,MOVIE0101
560,MOVIE0102
560,MOVIE0103
560,MOVIE0104
560,MOVIE0301
560,ACMGT0102
561,MOVIE0101
561,MOVIE0102
561,MOVIE0103
561,MOVIE0104
561,MOVIE0301
561,ACMGT0102
562,MOVIE0101
562,MOVIE0102
562,MOVIE0103
562,MOVIE0104
562,MOVIE0301
562,ACMGT0102
563,MOVIE0101
563,MOVIE0102
563,MOVIE0103
563,MOVIE0104
563,MOVIE0301
563,ACMGT0102
564,MOVIE0101
564,MOVIE0102
564,MOVIE0103
564,MOVIE0104
564,MOVIE0301
564,ACMGT0102
565,MOVIE0101
565,MOVIE0102
565,MOVIE0103
565,MOVIE0104
565,MOVIE0301
565,ACMGT0102
566,MOVIE0101
566,MOVIE0102
566,MOVIE0103
566,MOVIE0104
566,MOVIE0301
566,ACMGT0102
567,MOVIE0101
567,MOVIE0102
567,MOVIE0103
567,MOVIE0104
567,MOVIE0301
567,ACMGT0102
568,MOVIE0101
568,MOVIE0102
568,MOVIE0103
568,MOVIE0104
568,MOVIE0301
568,ACMGT0102
569,MOVIE0101
569,MOVIE0102
569,MOVIE0103
569,MOVIE0104
569,MOVIE0301
569,ACMGT0102
570,MOVIE0101
570,MOVIE0102
570,MOVIE0103
570,MOVIE0104
570,MOVIE0301
570,ACMGT0102
571,MOVIE0101
571,MOVIE0102
571,MOVIE0103
571,MOVIE0104
571,MOVIE0301
571,ACMGT0102
572,MOVIE0101
572,MOVIE0102
572,MOVIE0103
572,MOVIE0104
572,MOVIE0301
572,ACMGT0102
573,MOVIE0101
573,MOVIE0102
573,MOVIE0103
573,MOVIE0104
573,MOVIE0301
573,ACMGT0102
574,MOVIE0101
574,MOVIE0102
574,MOVIE0103
574,MOVIE0104
574,MOVIE0301
574,ACMGT0102
575,MOVIE0101
575,MOVIE0102
575,MOVIE0103
575,MOVIE0104
575,MOVIE0301
575,ACMGT0102
576,MOVIE0101
576,MOVIE0102
576,MOVIE0103
576,MOVIE0104
576,MOVIE0301
576,ACMGT0102
577,MOVIE0101
577,MOVIE0102
577,MOVIE0103
577,MOVIE0104
577,MOVIE0301
577,ACMGT0102
578,MOVIE0101
578,MOVIE0102
578,MOVIE0103
578,MOVIE0104
578,MOVIE0301
578,ACMGT0102
579,MOVIE0101
579,MOVIE0102
579,MOVIE0103
579,MOVIE0104
579,MOVIE0301
579,ACMGT0102
580,MOVIE0101
580,MOVIE0102
580,MOVIE0103
580,MOVIE0104
580,MOVIE0301
580,ACMGT0102
581,MOVIE0101
581,MOVIE0102
581,MOVIE0103
581,MOVIE0104
581,MOVIE0301
581,ACMGT0102
582,MOVIE0101
582,MOVIE0102
582,MOVIE0103
582,MOVIE0104
582,MOVIE0301
582,ACMGT0102
583,MOVIE0101
583,MOVIE0102
583,MOVIE0103
583,MOVIE0104
583,MOVIE0301
583,ACMGT0102
584,MOVIE0101
584,MOVIE0102
584,MOVIE0103
584,MOVIE0104
584,MOVIE0301
584,ACMGT0102
585,MOVIE0101
585,MOVIE0102
585,MOVIE0103
585,MOVIE0104
585,MOVIE0301
585,ACMGT0102
586,MOVIE0101
586,MOVIE0102
586,MOVIE0103
586,MOVIE0104
586,MOVIE0301
586,ACMGT0102
587,MOVIE0101
587,MOVIE0102
587,MOVIE0103
587,MOVIE0104
587,MOVIE0301
587,ACMGT0102
588,MOVIE0101
588,MOVIE0102
588,MOVIE0103
588,MOVIE0104
588,MOVIE0301
588,ACMGT0102
589,MOVIE0101
589,MOVIE0102
589,MOVIE0103
589,MOVIE0104
589,MOVIE0301
589,ACMGT0102
590,MOVIE0101
590,MOVIE0102
590,MOVIE0103
590,MOVIE0104
590,MOVIE0301
590,ACMGT0102
591,MOVIE0101
591,MOVIE0102
591,MOVIE0103
591,MOVIE0104
591,MOVIE0301
591,ACMGT0102
592,MOVIE0101
592,MOVIE0102
592,MOVIE0103
592,MOVIE0104
592,MOVIE0301
592,ACMGT0102
593,MOVIE0101
593,MOVIE0102
593,MOVIE0103
593,MOVIE0104
593,MOVIE0301
593,ACMGT0102
594,MOVIE0101
594,MOVIE0102
594,MOVIE0103
594,MOVIE0104
594,MOVIE0301
594,ACMGT0102
595,MOVIE0101
595,MOVIE0102
595,MOVIE0103
595,MOVIE0104
595,MOVIE0301
595,ACMGT0102
596,MOVIE0101
596,MOVIE0102
596,MOVIE0103
596,MOVIE0104
596,MOVIE0301
596,ACMGT0102
597,MOVIE0101
597,MOVIE0102
597,MOVIE0103
597,MOVIE0104
597,MOVIE0301
597,ACMGT0102
598,MOVIE0101
598,MOVIE0102
598,MOVIE0103
598,MOVIE0104
598,MOVIE0301
598,ACMGT0102
599,MOVIE0101
599,MOVIE0102
599,MOVIE0103
599,MOVIE0104
599,MOVIE0301
599,ACMGT0102
600,MOVIE0101
600,MOVIE0102
600,MOVIE0103
600,MOVIE0104
600,MOVIE0301
600,ACMGT0102
601,MOVIE0101
601,MOVIE0102
601,MOVIE0103
601,MOVIE0104
601,MOVIE0301
601,ACMGT0102
602,MOVIE0101
602,MOVIE0102
602,MOVIE0103
602,MOVIE0104
602,MOVIE0301
602,ACMGT0102
603,MOVIE0101
603,MOVIE0102
603,MOVIE0103
603,MOVIE0104
603,MOVIE0301
603,ACMGT0102
604,MOVIE0101
604,MOVIE0102
604,MOVIE0103
604,MOVIE0104
604,MOVIE0301
604,ACMGT0102
605,MOVIE0101
605,MOVIE0102
605,MOVIE0103
605,MOVIE0104
605,MOVIE0301
605,ACMGT0102
606,MOVIE0101
606,MOVIE0102
606,MOVIE0103
606,MOVIE0104
606,MOVIE0301
606,ACMGT0102
607,MOVIE0101
607,MOVIE0102
607,MOVIE0103
607,MOVIE0104
607,MOVIE0301
607,ACMGT0102
608,MOVIE0101
608,MOVIE0102
608,MOVIE0103
608,MOVIE0104
608,MOVIE0301
608,ACMGT0102
609,MOVIE0101
609,MOVIE0102
609,MOVIE0103
609,MOVIE0104
609,MOVIE0301
609,ACMGT0102
610,MOVIE0101
610,MOVIE0102
610,MOVIE0103
610,MOVIE0104
610,MOVIE0301
610,ACMGT0102
611,MOVIE0101
611,MOVIE0102
611,MOVIE0103
611,MOVIE0104
611,MOVIE0301
611,ACMGT0102
612,MOVIE0101
612,MOVIE0102
612,MOVIE0103
612,MOVIE0104
612,MOVIE0301
612,ACMGT0102
613,MOVIE0101
613,MOVIE0102
613,MOVIE0103
613,MOVIE0104
613,MOVIE0301
613,ACMGT0102
614,MOVIE0101
614,MOVIE0102
614,MOVIE0103
614,MOVIE0104
614,MOVIE0301
614,ACMGT0102
615,MOVIE0101
615,MOVIE0102
615,MOVIE0103
615,MOVIE0104
615,MOVIE0301
615,ACMGT0102
616,MOVIE0101
616,MOVIE0102
616,MOVIE0103
616,MOVIE0104
616,MOVIE0301
616,ACMGT0102
617,MOVIE0101
617,MOVIE0102
617,MOVIE0103
617,MOVIE0104
617,MOVIE0301
617,ACMGT0102
618,MOVIE0101
618,MOVIE0102
618,MOVIE0103
618,MOVIE0104
618,MOVIE0301
618,ACMGT0102
619,MOVIE0101
619,MOVIE0102
619,MOVIE0103
619,MOVIE0104
619,MOVIE0301
619,ACMGT0102
620,MOVIE0101
620,MOVIE0102
620,MOVIE0103
620,MOVIE0104
620,MOVIE0301
620,ACMGT0102
621,MOVIE0101
621,MOVIE0102
621,MOVIE0103
621,MOVIE0104
621,MOVIE0301
621,ACMGT0102
622,MOVIE0101
622,MOVIE0102
622,MOVIE0103
622,MOVIE0104
622,MOVIE0301
622,ACMGT0102
623,MOVIE0101
623,MOVIE0102
623,MOVIE0103
623,MOVIE0104
623,MOVIE0301
623,ACMGT0102
624,MOVIE0101
624,MOVIE0102
624,MOVIE0103
624,MOVIE0104
624,MOVIE0301
624,ACMGT0102
625,MOVIE0101
625,MOVIE0102
625,MOVIE0103
625,MOVIE0104
625,MOVIE0301
625,ACMGT0102
626,MOVIE0101
626,MOVIE0102
626,MOVIE0103
626,MOVIE0104
626,MOVIE0301
626,ACMGT0102
627,MOVIE0101
627,MOVIE0102
627,MOVIE0103
627,MOVIE0104
627,MOVIE0301
627,ACMGT0102
628,MOVIE0101
628,MOVIE0102
628,MOVIE0103
628,MOVIE0104
628,MOVIE0301
628,ACMGT0102
629,MOVIE0101
629,MOVIE0102
629,MOVIE0103
629,MOVIE0104
629,MOVIE0301
629,ACMGT0102
630,MOVIE0101
630,MOVIE0102
630,MOVIE0103
630,MOVIE0104
630,MOVIE0301
630,ACMGT0102
631,MOVIE0101
631,MOVIE0102
631,MOVIE0103
631,MOVIE0104
631,MOVIE0301
631,ACMGT0102
632,MOVIE0101
632,MOVIE0102
632,MOVIE0103
632,MOVIE0104
632,MOVIE0301
632,ACMGT0102
633,MOVIE0101
633,MOVIE0102
633,MOVIE0103
633,MOVIE0104
633,MOVIE0301
633,ACMGT0102
634,MOVIE0101
634,MOVIE0102
634,MOVIE0103
634,MOVIE0104
634,MOVIE0301
634,ACMGT0102
635,MOVIE0101
635,MOVIE0102
635,MOVIE0103
635,MOVIE0104
635,MOVIE0301
635,ACMGT0102
636,MOVIE0101
636,MOVIE0102
636,MOVIE0103
636,MOVIE0104
636,MOVIE0301
636,ACMGT0102
637,MOVIE0101
637,MOVIE0102
637,MOVIE0103
637,MOVIE0104
637,MOVIE0301
637,ACMGT0102
638,MOVIE0101
638,MOVIE0102
638,MOVIE0103
638,MOVIE0104
638,MOVIE0301
638,ACMGT0102
639,MOVIE0101
639,MOVIE0102
639,MOVIE0103
639,MOVIE0104
639,MOVIE0301
639,ACMGT0102
640,MOVIE0101
640,MOVIE0102
640,MOVIE0103
640,MOVIE0104
640,MOVIE0301
640,ACMGT0102
641,MOVIE0101
641,MOVIE0102
641,MOVIE0103
641,MOVIE0104
641,MOVIE0301
641,ACMGT0102
642,MOVIE0101
642,MOVIE0102
642,MOVIE0103
642,MOVIE0104
642,MOVIE0301
642,ACMGT0102
643,MOVIE0101
643,MOVIE0102
643,MOVIE0103
643,MOVIE0104
643,MOVIE0301
643,ACMGT0102
644,MOVIE0101
644,MOVIE0102
644,MOVIE0103
644,MOVIE0104
644,MOVIE0301
644,ACMGT0102
645,MOVIE0101
645,MOVIE0102
645,MOVIE0103
645,MOVIE0104
645,MOVIE0301
645,ACMGT0102
646,MOVIE0101
646,MOVIE0102
646,MOVIE0103
646,MOVIE0104
646,MOVIE0301
646,ACMGT0102
647,MOVIE0101
647,MOVIE0102
647,MOVIE0103
647,MOVIE0104
647,MOVIE0301
647,ACMGT0102
648,MOVIE0101
648,MOVIE0102
648,MOVIE0103
648,MOVIE0104
648,MOVIE0301
648,ACMGT0102
649,MOVIE0101
649,MOVIE0102
649,MOVIE0103
649,MOVIE0104
649,MOVIE0301
649,ACMGT0102
650,MOVIE0101
650,MOVIE0102
650,MOVIE0103
650,MOVIE0104
650,MOVIE0301
650,ACMGT0102
651,MOVIE0101
651,MOVIE0102
651,MOVIE0103
651,MOVIE0104
651,MOVIE0301
651,ACMGT0102
652,MOVIE0101
652,MOVIE0102
652,MOVIE0103
652,MOVIE0104
652,MOVIE0301
652,ACMGT0102
653,MOVIE0101
653,MOVIE0102
653,MOVIE0103
653,MOVIE0104
653,MOVIE0301
653,ACMGT0102
654,MOVIE0101
654,MOVIE0102
654,MOVIE0103
654,MOVIE0104
654,MOVIE0301
654,ACMGT0102
655,MOVIE0101
655,MOVIE0102
655,MOVIE0103
655,MOVIE0104
655,MOVIE0301
655,ACMGT0102
656,MOVIE0101
656,MOVIE0102
656,MOVIE0103
656,MOVIE0104
656,MOVIE0301
656,ACMGT0102
657,MOVIE0101
657,MOVIE0102
657,MOVIE0103
657,MOVIE0104
657,MOVIE0301
657,ACMGT0102
658,MOVIE0101
658,MOVIE0102
658,MOVIE0103
658,MOVIE0104
658,MOVIE0301
658,ACMGT0102
659,MOVIE0101
659,MOVIE0102
659,MOVIE0103
659,MOVIE0104
659,MOVIE0301
659,ACMGT0102
660,MOVIE0101
660,MOVIE0102
660,MOVIE0103
660,MOVIE0104
660,MOVIE0301
660,ACMGT0102
661,MOVIE0101
661,MOVIE0102
661,MOVIE0103
661,MOVIE0104
661,MOVIE0301
661,ACMGT0102
662,MOVIE0101
662,MOVIE0102
662,MOVIE0103
662,MOVIE0104
662,MOVIE0301
662,ACMGT0102
663,MOVIE0101
663,MOVIE0102
663,MOVIE0103
663,MOVIE0104
663,MOVIE0301
663,ACMGT0102
664,MOVIE0101
664,MOVIE0102
664,MOVIE0103
664,MOVIE0104
664,MOVIE0301
664,ACMGT0102
665,MOVIE0101
665,MOVIE0102
665,MOVIE0103
665,MOVIE0104
665,MOVIE0301
665,ACMGT0102
666,MOVIE0101
666,MOVIE0102
666,MOVIE0103
666,MOVIE0104
666,MOVIE0301
666,ACMGT0102
667,MOVIE0101
667,MOVIE0102
667,MOVIE0103
667,MOVIE0104
667,MOVIE0301
667,ACMGT0102
668,MOVIE0101
668,MOVIE0102
668,MOVIE0103
668,MOVIE0104
668,MOVIE0301
668,ACMGT0102
669,MOVIE0101
669,MOVIE0102
669,MOVIE0103
669,MOVIE0104
669,MOVIE0301
669,ACMGT0102
670,MOVIE0101
670,MOVIE0102
670,MOVIE0103
670,MOVIE0104
670,MOVIE0301
670,ACMGT0102
671,MOVIE0101
671,MOVIE0102
671,MOVIE0103
671,MOVIE0104
671,MOVIE0301
671,ACMGT0102
672,MOVIE0101
672,MOVIE0102
672,MOVIE0103
672,MOVIE0104
672,MOVIE0301
672,ACMGT0102
673,MOVIE0101
673,MOVIE0102
673,MOVIE0103
673,MOVIE0104
673,MOVIE0301
673,ACMGT0102
674,MOVIE0101
674,MOVIE0102
674,MOVIE0103
674,MOVIE0104
674,MOVIE0301
674,ACMGT0102
675,MOVIE0101
675,MOVIE0102
675,MOVIE0103
675,MOVIE0104
675,MOVIE0301
675,ACMGT0102
676,MOVIE0101
676,MOVIE0102
676,MOVIE0103
676,MOVIE0104
676,MOVIE0301
676,ACMGT0102
677,MOVIE0101
677,MOVIE0102
677,MOVIE0103
677,MOVIE0104
677,MOVIE0301
677,ACMGT0102
678,MOVIE0101
678,MOVIE0102
678,MOVIE0103
678,MOVIE0104
678,MOVIE0301
678,ACMGT0102
679,MOVIE0101
679,MOVIE0102
679,MOVIE0103
679,MOVIE0104
679,MOVIE0301
679,ACMGT0102
680,MOVIE0101
680,MOVIE0102
680,MOVIE0103
680,MOVIE0104
680,MOVIE0301
680,ACMGT0102
681,MOVIE0101
681,MOVIE0102
681,MOVIE0103
681,MOVIE0104
681,MOVIE0301
681,ACMGT0102
682,MOVIE0101
682,MOVIE0102
682,MOVIE0103
682,MOVIE0104
682,MOVIE0301
682,ACMGT0102
683,MOVIE0101
683,MOVIE0102
683,MOVIE0103
683,MOVIE0104
683,MOVIE0301
683,ACMGT0102
684,MOVIE0101
684,MOVIE0102
684,MOVIE0103
684,MOVIE0104
684,MOVIE0301
684,ACMGT0102
685,MOVIE0101
685,MOVIE0102
685,MOVIE0103
685,MOVIE0104
685,MOVIE0301
685,ACMGT0102
686,MOVIE0101
686,MOVIE0102
686,MOVIE0103
686,MOVIE0104
686,MOVIE0301
686,ACMGT0102
687,MOVIE0101
687,MOVIE0102
687,MOVIE0103
687,MOVIE0104
687,MOVIE0301
687,ACMGT0102
688,MOVIE0101
688,MOVIE0102
688,MOVIE0103
688,MOVIE0104
688,MOVIE0301
688,ACMGT0102
689,MOVIE0101
689,MOVIE0102
689,MOVIE0103
689,MOVIE0104
689,MOVIE0301
689,ACMGT0102
690,MOVIE0101
690,MOVIE0102
690,MOVIE0103
690,MOVIE0104
690,MOVIE0301
690,ACMGT0102
691,MOVIE0101
691,MOVIE0102
691,MOVIE0103
691,MOVIE0104
691,MOVIE0301
691,ACMGT0102
692,MOVIE0101
692,MOVIE0102
692,MOVIE0103
692,MOVIE0104
692,MOVIE0301
692,ACMGT0102
693,MOVIE0101
693,MOVIE0102
693,MOVIE0103
693,MOVIE0104
693,MOVIE0301
693,ACMGT0102
694,MOVIE0101
694,MOVIE0102
694,MOVIE0103
694,MOVIE0104
694,MOVIE0301
694,ACMGT0102
695,MOVIE0101
695,MOVIE0102
695,MOVIE0103
695,MOVIE0104
695,MOVIE0301
695,ACMGT0102
696,MOVIE0101
696,MOVIE0102
696,MOVIE0103
696,MOVIE0104
696,MOVIE0301
696,ACMGT0102
697,MOVIE0101
697,MOVIE0102
697,MOVIE0103
697,MOVIE0104
697,MOVIE0301
697,ACMGT0102
698,MOVIE0101
698,MOVIE0102
698,MOVIE0103
698,MOVIE0104
698,MOVIE0301
698,ACMGT0102
699,MOVIE0101
699,MOVIE0102
699,MOVIE0103
699,MOVIE0104
699,MOVIE0301
699,ACMGT0102
700,MOVIE0101
700,MOVIE0102
700,MOVIE0103
700,MOVIE0104
700,MOVIE0301
700,ACMGT0102
701,MOVIE0101
701,MOVIE0102
701,MOVIE0103
701,MOVIE0104
701,MOVIE0301
701,ACMGT0102
702,MOVIE0101
702,MOVIE0102
702,MOVIE0103
702,MOVIE0104
702,MOVIE0301
702,ACMGT0102
703,MOVIE0101
703,MOVIE0102
703,MOVIE0103
703,MOVIE0104
703,MOVIE0301
703,ACMGT0102
704,MOVIE0101
704,MOVIE0102
704,MOVIE0103
704,MOVIE0104
704,MOVIE0301
704,ACMGT0102
705,MOVIE0101
705,MOVIE0102
705,MOVIE0103
705,MOVIE0104
705,MOVIE0301
705,ACMGT0102
706,MOVIE0101
706,MOVIE0102
706,MOVIE0103
706,MOVIE0104
706,MOVIE0301
706,ACMGT0102
707,MOVIE0101
707,MOVIE0102
707,MOVIE0103
707,MOVIE0104
707,MOVIE0301
707,ACMGT0102
708,MOVIE0101
708,MOVIE0102
708,MOVIE0103
708,MOVIE0104
708,MOVIE0301
708,ACMGT0102
709,MOVIE0101
709,MOVIE0102
709,MOVIE0103
709,MOVIE0104
709,MOVIE0301
709,ACMGT0102
710,MOVIE0101
710,MOVIE0102
710,MOVIE0103
710,MOVIE0104
710,MOVIE0301
710,ACMGT0102
711,MOVIE0101
711,MOVIE0102
711,MOVIE0103
711,MOVIE0104
711,MOVIE0301
711,ACMGT0102
712,MOVIE0101
712,MOVIE0102
712,MOVIE0103
712,MOVIE0104
712,MOVIE0301
712,ACMGT0102
713,MOVIE0101
713,MOVIE0102
713,MOVIE0103
713,MOVIE0104
713,MOVIE0301
713,ACMGT0102
714,MOVIE0101
714,MOVIE0102
714,MOVIE0103
714,MOVIE0104
714,MOVIE0301
714,ACMGT0102
715,MOVIE0101
715,MOVIE0102
715,MOVIE0103
715,MOVIE0104
715,MOVIE0301
715,ACMGT0102
716,MOVIE0101
716,MOVIE0102
716,MOVIE0103
716,MOVIE0104
716,MOVIE0301
716,ACMGT0102
717,MOVIE0101
717,MOVIE0102
717,MOVIE0103
717,MOVIE0104
717,MOVIE0301
717,ACMGT0102
718,MOVIE0101
718,MOVIE0102
718,MOVIE0103
718,MOVIE0104
718,MOVIE0301
718,ACMGT0102
719,MOVIE0101
719,MOVIE0102
719,MOVIE0103
719,MOVIE0104
719,MOVIE0301
719,ACMGT0102
720,MOVIE0101
720,MOVIE0102
720,MOVIE0103
720,MOVIE0104
720,MOVIE0301
720,ACMGT0102
721,MOVIE0101
721,MOVIE0102
721,MOVIE0103
721,MOVIE0104
721,MOVIE0301
721,ACMGT0102
722,MOVIE0101
722,MOVIE0102
722,MOVIE0103
722,MOVIE0104
722,MOVIE0301
722,ACMGT0102
723,MOVIE0101
723,MOVIE0102
723,MOVIE0103
723,MOVIE0104
723,MOVIE0301
723,ACMGT0102
724,MOVIE0101
724,MOVIE0102
724,MOVIE0103
724,MOVIE0104
724,MOVIE0301
724,ACMGT0102
725,MOVIE0101
725,MOVIE0102
725,MOVIE0103
725,MOVIE0104
725,MOVIE0301
725,ACMGT0102
726,MOVIE0101
726,MOVIE0102
726,MOVIE0103
726,MOVIE0104
726,MOVIE0301
726,ACMGT0102
727,MOVIE0101
727,MOVIE0102
727,MOVIE0103
727,MOVIE0104
727,MOVIE0301
727,ACMGT0102
728,MOVIE0101
728,MOVIE0102
728,MOVIE0103
728,MOVIE0104
728,MOVIE0301
728,ACMGT0102
729,MOVIE0101
729,MOVIE0102
729,MOVIE0103
729,MOVIE0104
729,MOVIE0301
729,ACMGT0102
730,MOVIE0101
730,MOVIE0102
730,MOVIE0103
730,MOVIE0104
730,MOVIE0301
730,ACMGT0102
731,MOVIE0101
731,MOVIE0102
731,MOVIE0103
731,MOVIE0104
731,MOVIE0301
731,ACMGT0102
732,MOVIE0101
732,MOVIE0102
732,MOVIE0103
732,MOVIE0104
732,MOVIE0301
732,ACMGT0102
733,MOVIE0101
733,MOVIE0102
733,MOVIE0103
733,MOVIE0104
733,MOVIE0301
733,ACMGT0102
734,MOVIE0101
734,MOVIE0102
734,MOVIE0103
734,MOVIE0104
734,MOVIE0301
734,ACMGT0102
735,MOVIE0101
735,MOVIE0102
735,MOVIE0103
735,MOVIE0104
735,MOVIE0301
735,ACMGT0102
736,MOVIE0101
736,MOVIE0102
736,MOVIE0103
736,MOVIE0104
736,MOVIE0301
736,ACMGT0102
737,MOVIE0101
737,MOVIE0102
737,MOVIE0103
737,MOVIE0104
737,MOVIE0301
737,ACMGT0102
738,MOVIE0101
738,MOVIE0102
738,MOVIE0103
738,MOVIE0104
738,MOVIE0301
738,ACMGT0102
739,MOVIE0101
739,MOVIE0102
739,MOVIE0103
739,MOVIE0104
739,MOVIE0301
739,ACMGT0102
740,MOVIE0101
740,MOVIE0102
740,MOVIE0103
740,MOVIE0104
740,MOVIE0301
740,ACMGT0102
741,MOVIE0101
741,MOVIE0102
741,MOVIE0103
741,MOVIE0104
741,MOVIE0301
741,ACMGT0102
742,MOVIE0101
742,MOVIE0102
742,MOVIE0103
742,MOVIE0104
742,MOVIE0301
742,ACMGT0102
743,MOVIE0101
743,MOVIE0102
743,MOVIE0103
743,MOVIE0104
743,MOVIE0301
743,ACMGT0102
744,MOVIE0101
744,MOVIE0102
744,MOVIE0103
744,MOVIE0104
744,MOVIE0301
744,ACMGT0102
745,MOVIE0101
745,MOVIE0102
745,MOVIE0103
745,MOVIE0104
745,MOVIE0301
745,ACMGT0102
746,MOVIE0101
746,MOVIE0102
746,MOVIE0103
746,MOVIE0104
746,MOVIE0301
746,ACMGT0102
747,MOVIE0101
747,MOVIE0102
747,MOVIE0103
747,MOVIE0104
747,MOVIE0301
747,ACMGT0102
748,MOVIE0101
748,MOVIE0102
748,MOVIE0103
748,MOVIE0104
748,MOVIE0301
748,ACMGT0102
749,MOVIE0101
749,MOVIE0102
749,MOVIE0103
749,MOVIE0104
749,MOVIE0301
749,ACMGT0102
750,MOVIE0101
750,MOVIE0102
750,MOVIE0103
750,MOVIE0104
750,MOVIE0301
750,ACMGT0102
751,MOVIE0101
751,MOVIE0102
751,MOVIE0103
751,MOVIE0104
751,MOVIE0301
751,ACMGT0102
752,MOVIE0101
752,MOVIE0102
752,MOVIE0103
752,MOVIE0104
752,MOVIE0301
752,ACMGT0102
753,MOVIE0101
753,MOVIE0102
753,MOVIE0103
753,MOVIE0104
753,MOVIE0301
753,ACMGT0102
754,MOVIE0101
754,MOVIE0102
754,MOVIE0103
754,MOVIE0104
754,MOVIE0301
754,ACMGT0102
755,MOVIE0101
755,MOVIE0102
755,MOVIE0103
755,MOVIE0104
755,MOVIE0301
755,ACMGT0102
756,MOVIE0101
756,MOVIE0102
756,MOVIE0103
756,MOVIE0104
756,MOVIE0301
756,ACMGT0102
757,MOVIE0101
757,MOVIE0102
757,MOVIE0103
757,MOVIE0104
757,MOVIE0301
757,ACMGT0102
758,MOVIE0101
758,MOVIE0102
758,MOVIE0103
758,MOVIE0104
758,MOVIE0301
758,ACMGT0102
759,MOVIE0101
759,MOVIE0102
759,MOVIE0103
759,MOVIE0104
759,MOVIE0301
759,ACMGT0102
760,MOVIE0101
760,MOVIE0102
760,MOVIE0103
760,MOVIE0104
760,MOVIE0301
760,ACMGT0102
761,MOVIE0101
761,MOVIE0102
761,MOVIE0103
761,MOVIE0104
761,MOVIE0301
761,ACMGT0102
762,MOVIE0101
762,MOVIE0102
762,MOVIE0103
762,MOVIE0104
762,MOVIE0301
762,ACMGT0102
763,MOVIE0101
763,MOVIE0102
763,MOVIE0103
763,MOVIE0104
763,MOVIE0301
763,ACMGT0102
764,MOVIE0101
764,MOVIE0102
764,MOVIE0103
764,MOVIE0104
764,MOVIE0301
764,ACMGT0102
765,MOVIE0101
765,MOVIE0102
765,MOVIE0103
765,MOVIE0104
765,MOVIE0301
765,ACMGT0102
766,MOVIE0101
766,MOVIE0102
766,MOVIE0103
766,MOVIE0104
766,MOVIE0301
766,ACMGT0102
767,MOVIE0101
767,MOVIE0102
767,MOVIE0103
767,MOVIE0104
767,MOVIE0301
767,ACMGT0102
768,MOVIE0101
768,MOVIE0102
768,MOVIE0103
768,MOVIE0104
768,MOVIE0301
768,ACMGT0102
769,MOVIE0101
769,MOVIE0102
769,MOVIE0103
769,MOVIE0104
769,MOVIE0301
769,ACMGT0102
770,MOVIE0101
770,MOVIE0102
770,MOVIE0103
770,MOVIE0104
770,MOVIE0301
770,ACMGT0102
771,MOVIE0101
771,MOVIE0102
771,MOVIE0103
771,MOVIE0104
771,MOVIE0301
771,ACMGT0102
772,MOVIE0101
772,MOVIE0102
772,MOVIE0103
772,MOVIE0104
772,MOVIE0301
772,ACMGT0102
773,MOVIE0101
773,MOVIE0102
773,MOVIE0103
773,MOVIE0104
773,MOVIE0301
773,ACMGT0102
774,MOVIE0101
774,MOVIE0102
774,MOVIE0103
774,MOVIE0104
774,MOVIE0301
774,ACMGT0102
775,MOVIE0101
775,MOVIE0102
775,MOVIE0103
775,MOVIE0104
775,MOVIE0301
775,ACMGT0102
776,MOVIE0101
776,MOVIE0102
776,MOVIE0103
776,MOVIE0104
776,MOVIE0301
776,ACMGT0102
777,MOVIE0101
777,MOVIE0102
777,MOVIE0103
777,MOVIE0104
777,MOVIE0301
777,ACMGT0102
778,MOVIE0101
778,MOVIE0102
778,MOVIE0103
778,MOVIE0104
778,MOVIE0301
778,ACMGT0102
779,MOVIE0101
779,MOVIE0102
779,MOVIE0103
779,MOVIE0104
779,MOVIE0301
779,ACMGT0102
780,MOVIE0101
780,MOVIE0102
780,MOVIE0103
780,MOVIE0104
780,MOVIE0301
780,ACMGT0102
781,MOVIE0101
781,MOVIE0102
781,MOVIE0103
781,MOVIE0104
781,MOVIE0301
781,ACMGT0102
782,MOVIE0101
782,MOVIE0102
782,MOVIE0103
782,MOVIE0104
782,MOVIE0301
782,ACMGT0102
783,MOVIE0101
783,MOVIE0102
783,MOVIE0103
783,MOVIE0104
783,MOVIE0301
783,ACMGT0102
784,MOVIE0101
784,MOVIE0102
784,MOVIE0103
784,MOVIE0104
784,MOVIE0301
784,ACMGT0102
785,MOVIE0101
785,MOVIE0102
785,MOVIE0103
785,MOVIE0104
785,MOVIE0301
785,ACMGT0102
786,MOVIE0101
786,MOVIE0102
786,MOVIE0103
786,MOVIE0104
786,MOVIE0301
786,ACMGT0102
787,MOVIE0101
787,MOVIE0102
787,MOVIE0103
787,MOVIE0104
787,MOVIE0301
787,ACMGT0102
788,MOVIE0101
788,MOVIE0102
788,MOVIE0103
788,MOVIE0104
788,MOVIE0301
788,ACMGT0102
789,MOVIE0101
789,MOVIE0102
789,MOVIE0103
789,MOVIE0104
789,MOVIE0301
789,ACMGT0102
790,MOVIE0101
790,MOVIE0102
790,MOVIE0103
790,MOVIE0104
790,MOVIE0301
790,ACMGT0102
791,MOVIE0101
791,MOVIE0102
791,MOVIE0103
791,MOVIE0104
791,MOVIE0301
791,ACMGT0102
792,MOVIE0101
792,MOVIE0102
792,MOVIE0103
792,MOVIE0104
792,MOVIE0301
792,ACMGT0102
793,MOVIE0101
793,MOVIE0102
793,MOVIE0103
793,MOVIE0104
793,MOVIE0301
793,ACMGT0102
794,MOVIE0101
794,MOVIE0102
794,MOVIE0103
794,MOVIE0104
794,MOVIE0301
794,ACMGT0102
795,MOVIE0101
795,MOVIE0102
795,MOVIE0103
795,MOVIE0104
795,MOVIE0301
795,ACMGT0102
796,MOVIE0101
796,MOVIE0102
796,MOVIE0103
796,MOVIE0104
796,MOVIE0301
796,ACMGT0102
797,MOVIE0101
797,MOVIE0102
797,MOVIE0103
797,MOVIE0104
797,MOVIE0301
797,ACMGT0102
798,MOVIE0101
798,MOVIE0102
798,MOVIE0103
798,MOVIE0104
798,MOVIE0301
798,ACMGT0102
799,MOVIE0101
799,MOVIE0102
799,MOVIE0103
799,MOVIE0104
799,MOVIE0301
799,ACMGT0102
800,MOVIE0101
800,MOVIE0102
800,MOVIE0103
800,MOVIE0104
800,MOVIE0301
800,ACMGT0102
801,MOVIE0101
801,MOVIE0102
801,MOVIE0103
801,MOVIE0104
801,MOVIE0301
801,ACMGT0102
802,MOVIE0101
802,MOVIE0102
802,MOVIE0103
802,MOVIE0104
802,MOVIE0301
802,ACMGT0102
803,MOVIE0101
803,MOVIE0102
803,MOVIE0103
803,MOVIE0104
803,MOVIE0301
803,ACMGT0102
804,MOVIE0101
804,MOVIE0102
804,MOVIE0103
804,MOVIE0104
804,MOVIE0301
804,ACMGT0102
805,MOVIE0101
805,MOVIE0102
805,MOVIE0103
805,MOVIE0104
805,MOVIE0301
805,ACMGT0102
806,MOVIE0101
806,MOVIE0102
806,MOVIE0103
806,MOVIE0104
806,MOVIE0301
806,ACMGT0102
807,MOVIE0101
807,MOVIE0102
807,MOVIE0103
807,MOVIE0104
807,MOVIE0301
807,ACMGT0102
808,MOVIE0101
808,MOVIE0102
808,MOVIE0103
808,MOVIE0104
808,MOVIE0301
808,ACMGT0102
809,MOVIE0101
809,MOVIE0102
809,MOVIE0103
809,MOVIE0104
809,MOVIE0301
809,ACMGT0102
810,MOVIE0101
810,MOVIE0102
810,MOVIE0103
810,MOVIE0104
810,MOVIE0301
810,ACMGT0102
811,MOVIE0101
811,MOVIE0102
811,MOVIE0103
811,MOVIE0104
811,MOVIE0301
811,ACMGT0102
812,MOVIE0101
812,MOVIE0102
812,MOVIE0103
812,MOVIE0104
812,MOVIE0301
812,ACMGT0102
813,MOVIE0101
813,MOVIE0102
813,MOVIE0103
813,MOVIE0104
813,MOVIE0301
813,ACMGT0102
814,MOVIE0101
814,MOVIE0102
814,MOVIE0103
814,MOVIE0104
814,MOVIE0301
814,ACMGT0102
815,MOVIE0101
815,MOVIE0102
815,MOVIE0103
815,MOVIE0104
815,MOVIE0301
815,ACMGT0102
816,MOVIE0101
816,MOVIE0102
816,MOVIE0103
816,MOVIE0104
816,MOVIE0301
816,ACMGT0102
817,MOVIE0101
817,MOVIE0102
817,MOVIE0103
817,MOVIE0104
817,MOVIE0301
817,ACMGT0102
818,MOVIE0101
818,MOVIE0102
818,MOVIE0103
818,MOVIE0104
818,MOVIE0301
818,ACMGT0102
819,MOVIE0101
819,MOVIE0102
819,MOVIE0103
819,MOVIE0104
819,MOVIE0301
819,ACMGT0102
820,MOVIE0101
820,MOVIE0102
820,MOVIE0103
820,MOVIE0104
820,MOVIE0301
820,ACMGT0102
821,MOVIE0101
821,MOVIE0102
821,MOVIE0103
821,MOVIE0104
821,MOVIE0301
821,ACMGT0102
822,MOVIE0101
822,MOVIE0102
822,MOVIE0103
822,MOVIE0104
822,MOVIE0301
822,ACMGT0102
823,MOVIE0101
823,MOVIE0102
823,MOVIE0103
823,MOVIE0104
823,MOVIE0301
823,ACMGT0102
824,MOVIE0101
824,MOVIE0102
824,MOVIE0103
824,MOVIE0104
824,MOVIE0301
824,ACMGT0102
825,MOVIE0101
825,MOVIE0102
825,MOVIE0103
825,MOVIE0104
825,MOVIE0301
825,ACMGT0102
826,MOVIE0101
826,MOVIE0102
826,MOVIE0103
826,MOVIE0104
826,MOVIE0301
826,ACMGT0102
827,MOVIE0101
827,MOVIE0102
827,MOVIE0103
827,MOVIE0104
827,MOVIE0301
827,ACMGT0102
828,MOVIE0101
828,MOVIE0102
828,MOVIE0103
828,MOVIE0104
828,MOVIE0301
828,ACMGT0102
829,MOVIE0101
829,MOVIE0102
829,MOVIE0103
829,MOVIE0104
829,MOVIE0301
829,ACMGT0102
830,MOVIE0101
830,MOVIE0102
830,MOVIE0103
830,MOVIE0104
830,MOVIE0301
830,ACMGT0102
831,MOVIE0101
831,MOVIE0102
831,MOVIE0103
831,MOVIE0104
831,MOVIE0301
831,ACMGT0102
832,MOVIE0101
832,MOVIE0102
832,MOVIE0103
832,MOVIE0104
832,MOVIE0301
832,ACMGT0102
833,MOVIE0101
833,MOVIE0102
833,MOVIE0103
833,MOVIE0104
833,MOVIE0301
833,ACMGT0102
834,MOVIE0101
834,MOVIE0102
834,MOVIE0103
834,MOVIE0104
834,MOVIE0301
834,ACMGT0102
835,MOVIE0101
835,MOVIE0102
835,MOVIE0103
835,MOVIE0104
835,MOVIE0301
835,ACMGT0102
836,MOVIE0101
836,MOVIE0102
836,MOVIE0103
836,MOVIE0104
836,MOVIE0301
836,ACMGT0102
837,MOVIE0101
837,MOVIE0102
837,MOVIE0103
837,MOVIE0104
837,MOVIE0301
837,ACMGT0102
838,MOVIE0101
838,MOVIE0102
838,MOVIE0103
838,MOVIE0104
838,MOVIE0301
838,ACMGT0102
839,MOVIE0101
839,MOVIE0102
839,MOVIE0103
839,MOVIE0104
839,MOVIE0301
839,ACMGT0102
840,MOVIE0101
840,MOVIE0102
840,MOVIE0103
840,MOVIE0104
840,MOVIE0301
840,ACMGT0102
841,MOVIE0101
841,MOVIE0102
841,MOVIE0103
841,MOVIE0104
841,MOVIE0301
841,ACMGT0102
842,MOVIE0101
842,MOVIE0102
842,MOVIE0103
842,MOVIE0104
842,MOVIE0301
842,ACMGT0102
843,MOVIE0101
843,MOVIE0102
843,MOVIE0103
843,MOVIE0104
843,MOVIE0301
843,ACMGT0102
844,MOVIE0101
844,MOVIE0102
844,MOVIE0103
844,MOVIE0104
844,MOVIE0301
844,ACMGT0102
845,MOVIE0101
845,MOVIE0102
845,MOVIE0103
845,MOVIE0104
845,MOVIE0301
845,ACMGT0102
846,MOVIE0101
846,MOVIE0102
846,MOVIE0103
846,MOVIE0104
846,MOVIE0301
846,ACMGT0102
847,MOVIE0101
847,MOVIE0102
847,MOVIE0103
847,MOVIE0104
847,MOVIE0301
847,ACMGT0102
848,MOVIE0101
848,MOVIE0102
848,MOVIE0103
848,MOVIE0104
848,MOVIE0301
848,ACMGT0102
849,MOVIE0101
849,MOVIE0102
849,MOVIE0103
849,MOVIE0104
849,MOVIE0301
849,ACMGT0102
850,MOVIE0101
850,MOVIE0102
850,MOVIE0103
850,MOVIE0104
850,MOVIE0301
850,ACMGT0102
851,MOVIE0101
851,MOVIE0102
851,MOVIE0103
851,MOVIE0104
851,MOVIE0301
851,ACMGT0102
852,MOVIE0101
852,MOVIE0102
852,MOVIE0103
852,MOVIE0104
852,MOVIE0301
852,ACMGT0102
853,MOVIE0101
853,MOVIE0102
853,MOVIE0103
853,MOVIE0104
853,MOVIE0301
853,ACMGT0102
854,MOVIE0101
854,MOVIE0102
854,MOVIE0103
854,MOVIE0104
854,MOVIE0301
854,ACMGT0102
855,MOVIE0101
855,MOVIE0102
855,MOVIE0103
855,MOVIE0104
855,MOVIE0301
855,ACMGT0102
856,MOVIE0101
856,MOVIE0102
856,MOVIE0103
856,MOVIE0104
856,MOVIE0301
856,ACMGT0102
857,MOVIE0101
857,MOVIE0102
857,MOVIE0103
857,MOVIE0104
857,MOVIE0301
857,ACMGT0102
858,MOVIE0101
858,MOVIE0102
858,MOVIE0103
858,MOVIE0104
858,MOVIE0301
858,ACMGT0102
859,MOVIE0101
859,MOVIE0102
859,MOVIE0103
859,MOVIE0104
859,MOVIE0301
859,ACMGT0102
860,MOVIE0101
860,MOVIE0102
860,MOVIE0103
860,MOVIE0104
860,MOVIE0301
860,ACMGT0102
861,MOVIE0101
861,MOVIE0102
861,MOVIE0103
861,MOVIE0104
861,MOVIE0301
861,ACMGT0102
862,MOVIE0101
862,MOVIE0102
862,MOVIE0103
862,MOVIE0104
862,MOVIE0301
862,ACMGT0102
863,MOVIE0101
863,MOVIE0102
863,MOVIE0103
863,MOVIE0104
863,MOVIE0301
863,ACMGT0102
864,MOVIE0101
864,MOVIE0102
864,MOVIE0103
864,MOVIE0104
864,MOVIE0301
864,ACMGT0102
865,MOVIE0101
865,MOVIE0102
865,MOVIE0103
865,MOVIE0104
865,MOVIE0301
865,ACMGT0102
866,MOVIE0101
866,MOVIE0102
866,MOVIE0103
866,MOVIE0104
866,MOVIE0301
866,ACMGT0102
