userId,email,username,password,status,timestamp
1,admin@itrec.com,admin,5974f0a96162c25b4cdcb2925b65e57a10013604e0bf1e7336dd529933b2bb9b,A,1512981461
2,admin_01@itrec.com,admin_01,5974f0a96162c25b4cdcb2925b65e57a10013604e0bf1e7336dd529933b2bb9b,A,1512981461
3,admin_02@itrec.com,admin_02,5974f0a96162c25b4cdcb2925b65e57a10013604e0bf1e7336dd529933b2bb9b,A,1512981461
4,admin_03@itrec.com,admin_03,5974f0a96162c25b4cdcb2925b65e57a10013604e0bf1e7336dd529933b2bb9b,A,1512981461
5,admin_04@itrec.com,admin_04,5974f0a96162c25b4cdcb2925b65e57a10013604e0bf1e7336dd529933b2bb9b,A,1512981461
6,admin_05@itrec.com,admin_05,5974f0a96162c25b4cdcb2925b65e57a10013604e0bf1e7336dd529933b2bb9b,A,1512981461
7,admin_06@itrec.com,admin_06,5974f0a96162c25b4cdcb2925b65e57a10013604e0bf1e7336dd529933b2bb9b,A,1512981461
8,admin_07@itrec.com,admin_07,5974f0a96162c25b4cdcb2925b65e57a10013604e0bf1e7336dd529933b2bb9b,A,1512981461
9,admin_08@itrec.com,admin_08,5974f0a96162c25b4cdcb2925b65e57a10013604e0bf1e7336dd529933b2bb9b,A,1512981461
10,admin_09@itrec.com,admin_09,5974f0a96162c25b4cdcb2925b65e57a10013604e0bf1e7336dd529933b2bb9b,A,1512981461
11,user_01@itrec.com,user_01,5974f0a96162c25b4cdcb2925b65e57a10013604e0bf1e7336dd529933b2bb9b,A,1512981461
12,user_02@itrec.com,user_02,5974f0a96162c25b4cdcb2925b65e57a10013604e0bf1e7336dd529933b2bb9b,A,1512981461
13,user_03@itrec.com,user_03,5974f0a96162c25b4cdcb2925b65e57a10013604e0bf1e7336dd529933b2bb9b,A,1512981461
14,user_04@itrec.com,user_04,5974f0a96162c25b4cdcb2925b65e57a10013604e0bf1e7336dd529933b2bb9b,A,1512981461
15,user_05@itrec.com,user_05,5974f0a96162c25b4cdcb2925b65e57a10013604e0bf1e7336dd529933b2bb9b,A,1512981461
16,user_06@itrec.com,user_06,5974f0a96162c25b4cdcb2925b65e57a10013604e0bf1e7336dd529933b2bb9b,A,1512981461
17,user_07@itrec.com,user_07,5974f0a96162c25b4cdcb2925b65e57a10013604e0bf1e7336dd529933b2bb9b,A,1512981461
18,user_08@itrec.com,user_08,5974f0a96162c25b4cdcb2925b65e57a10013604e0bf1e7336dd529933b2bb9b,A,1512981461
19,user_09@itrec.com,user_09,5974f0a96162c25b4cdcb2925b65e57a10013604e0bf1e7336dd529933b2bb9b,A,1512981461
20,user_10@itrec.com,user_10,5974f0a96162c25b4cdcb2925b65e57a10013604e0bf1e7336dd529933b2bb9b,A,1512981461
21,user_11@itrec.com,user_11,5974f0a96162c25b4cdcb2925b65e57a10013604e0bf1e7336dd529933b2bb9b,A,1512981461
22,user_12@itrec.com,user_12,5974f0a96162c25b4cdcb2925b65e57a10013604e0bf1e7336dd529933b2bb9b,A,1512981461
23,user_13@itrec.com,user_13,5974f0a96162c25b4cdcb2925b65e57a10013604e0bf1e7336dd529933b2bb9b,A,1512981461
24,user_14@itrec.com,user_14,5974f0a96162c25b4cdcb2925b65e57a10013604e0bf1e7336dd529933b2bb9b,A,1512981461
25,user_15@itrec.com,user_15,5974f0a96162c25b4cdcb2925b65e57a10013604e0bf1e7336dd529933b2bb9b,A,1512981461
26,user_16@itrec.com,user_16,5974f0a96162c25b4cdcb2925b65e57a10013604e0bf1e7336dd529933b2bb9b,A,1512981461
27,user_17@itrec.com,user_17,5974f0a96162c25b4cdcb2925b65e57a10013604e0bf1e7336dd529933b2bb9b,A,1512981461
28,user_18@itrec.com,user_18,5974f0a96162c25b4cdcb2925b65e57a10013604e0bf1e7336dd529933b2bb9b,A,1512981461
29,user_19@itrec.com,user_19,5974f0a96162c25b4cdcb2925b65e57a10013604e0bf1e7336dd529933b2bb9b,A,1512981461
30,user_20@itrec.com,user_20,5974f0a96162c25b4cdcb2925b65e57a10013604e0bf1e7336dd529933b2bb9b,A,1512981461
31,user_21@itrec.com,user_21,5974f0a96162c25b4cdcb2925b65e57a10013604e0bf1e7336dd529933b2bb9b,A,1512981461
32,user_22@itrec.com,user_22,5974f0a96162c25b4cdcb2925b65e57a10013604e0bf1e7336dd529933b2bb9b,A,1512981461
34,user_23@itrec.com,user_23,5974f0a96162c25b4cdcb2925b65e57a10013604e0bf1e7336dd529933b2bb9b,A,1512981461
35,user_24@itrec.com,user_24,5974f0a96162c25b4cdcb2925b65e57a10013604e0bf1e7336dd529933b2bb9b,A,1512981461
36,user_25@itrec.com,user_25,5974f0a96162c25b4cdcb2925b65e57a10013604e0bf1e7336dd529933b2bb9b,A,1512981461
37,user_26@itrec.com,user_26,5974f0a96162c25b4cdcb2925b65e57a10013604e0bf1e7336dd529933b2bb9b,A,1512981461
38,user_27@itrec.com,user_27,5974f0a96162c25b4cdcb2925b65e57a10013604e0bf1e7336dd529933b2bb9b,A,1512981461
39,user_28@itrec.com,user_28,5974f0a96162c25b4cdcb2925b65e57a10013604e0bf1e7336dd529933b2bb9b,A,1512981461
40,user_29@itrec.com,user_29,5974f0a96162c25b4cdcb2925b65e57a10013604e0bf1e7336dd529933b2bb9b,A,1512981461
41,user_30@itrec.com,user_30,5974f0a96162c25b4cdcb2925b65e57a10013604e0bf1e7336dd529933b2bb9b,A,1512981461
42,user_31@itrec.com,user_31,5974f0a96162c25b4cdcb2925b65e57a10013604e0bf1e7336dd529933b2bb9b,A,1512981461
43,user_32@itrec.com,user_32,5974f0a96162c25b4cdcb2925b65e57a10013604e0bf1e7336dd529933b2bb9b,A,1512981461
44,user_33@itrec.com,user_33,5974f0a96162c25b4cdcb2925b65e57a10013604e0bf1e7336dd529933b2bb9b,A,1512981461
45,user_34@itrec.com,user_34,5974f0a96162c25b4cdcb2925b65e57a10013604e0bf1e7336dd529933b2bb9b,A,1512981461
46,user_35@itrec.com,user_35,5974f0a96162c25b4cdcb2925b65e57a10013604e0bf1e7336dd529933b2bb9b,A,1512981461
47,user_36@itrec.com,user_36,5974f0a96162c25b4cdcb2925b65e57a10013604e0bf1e7336dd529933b2bb9b,A,1512981461
48,user_37@itrec.com,user_37,5974f0a96162c25b4cdcb2925b65e57a10013604e0bf1e7336dd529933b2bb9b,A,1512981461
49,user_38@itrec.com,user_38,5974f0a96162c25b4cdcb2925b65e57a10013604e0bf1e7336dd529933b2bb9b,A,1512981461
50,user_39@itrec.com,user_39,5974f0a96162c25b4cdcb2925b65e57a10013604e0bf1e7336dd529933b2bb9b,A,1512981461
52,user_40@itrec.com,user_40,5974f0a96162c25b4cdcb2925b65e57a10013604e0bf1e7336dd529933b2bb9b,A,1512981461
53,user_41@itrec.com,user_41,5974f0a96162c25b4cdcb2925b65e57a10013604e0bf1e7336dd529933b2bb9b,A,1512981461
54,user_42@itrec.com,user_42,5974f0a96162c25b4cdcb2925b65e57a10013604e0bf1e7336dd529933b2bb9b,A,1512981461
55,user_43@itrec.com,user_43,5974f0a96162c25b4cdcb2925b65e57a10013604e0bf1e7336dd529933b2bb9b,A,1512981461
57,user_44@itrec.com,user_44,5974f0a96162c25b4cdcb2925b65e57a10013604e0bf1e7336dd529933b2bb9b,A,1512981461
58,user_45@itrec.com,user_45,5974f0a96162c25b4cdcb2925b65e57a10013604e0bf1e7336dd529933b2bb9b,A,1512981461
59,user_46@itrec.com,user_46,5974f0a96162c25b4cdcb2925b65e57a10013604e0bf1e7336dd529933b2bb9b,A,1512981461
60,user_47@itrec.com,user_47,5974f0a96162c25b4cdcb2925b65e57a10013604e0bf1e7336dd529933b2bb9b,A,1512981461
61,user_48@itrec.com,user_48,5974f0a96162c25b4cdcb2925b65e57a10013604e0bf1e7336dd529933b2bb9b,A,1512981461
62,user_49@itrec.com,user_49,5974f0a96162c25b4cdcb2925b65e57a10013604e0bf1e7336dd529933b2bb9b,A,1512981461
63,user_50@itrec.com,user_50,5974f0a96162c25b4cdcb2925b65e57a10013604e0bf1e7336dd529933b2bb9b,A,1512981461
64,user_51@itrec.com,user_51,5974f0a96162c25b4cdcb2925b65e57a10013604e0bf1e7336dd529933b2bb9b,A,1512981461
65,user_52@itrec.com,user_52,5974f0a96162c25b4cdcb2925b65e57a10013604e0bf1e7336dd529933b2bb9b,A,1512981461
66,user_53@itrec.com,user_53,5974f0a96162c25b4cdcb2925b65e57a10013604e0bf1e7336dd529933b2bb9b,A,1512981461
68,user_54@itrec.com,user_54,5974f0a96162c25b4cdcb2925b65e57a10013604e0bf1e7336dd529933b2bb9b,A,1512981461
69,user_55@itrec.com,user_55,5974f0a96162c25b4cdcb2925b65e57a10013604e0bf1e7336dd529933b2bb9b,A,1512981461
70,user_56@itrec.com,user_56,5974f0a96162c25b4cdcb2925b65e57a10013604e0bf1e7336dd529933b2bb9b,A,1512981461
71,user_57@itrec.com,user_57,5974f0a96162c25b4cdcb2925b65e57a10013604e0bf1e7336dd529933b2bb9b,A,1512981461
72,user_58@itrec.com,user_58,5974f0a96162c25b4cdcb2925b65e57a10013604e0bf1e7336dd529933b2bb9b,A,1512981461
73,user_59@itrec.com,user_59,5974f0a96162c25b4cdcb2925b65e57a10013604e0bf1e7336dd529933b2bb9b,A,1512981461
74,user_60@itrec.com,user_60,5974f0a96162c25b4cdcb2925b65e57a10013604e0bf1e7336dd529933b2bb9b,A,1512981461
76,user_61@itrec.com,user_61,5974f0a96162c25b4cdcb2925b65e57a10013604e0bf1e7336dd529933b2bb9b,A,1512981461
77,user_62@itrec.com,user_62,5974f0a96162c25b4cdcb2925b65e57a10013604e0bf1e7336dd529933b2bb9b,A,1512981461
78,user_63@itrec.com,user_63,5974f0a96162c25b4cdcb2925b65e57a10013604e0bf1e7336dd529933b2bb9b,A,1512981461
79,user_64@itrec.com,user_64,5974f0a96162c25b4cdcb2925b65e57a10013604e0bf1e7336dd529933b2bb9b,A,1512981461
80,user_65@itrec.com,user_65,5974f0a96162c25b4cdcb2925b65e57a10013604e0bf1e7336dd529933b2bb9b,A,1512981461
81,user_66@itrec.com,user_66,5974f0a96162c25b4cdcb2925b65e57a10013604e0bf1e7336dd529933b2bb9b,A,1512981461
82,user_67@itrec.com,user_67,5974f0a96162c25b4cdcb2925b65e57a10013604e0bf1e7336dd529933b2bb9b,A,1512981461
83,user_68@itrec.com,user_68,5974f0a96162c25b4cdcb2925b65e57a10013604e0bf1e7336dd529933b2bb9b,A,1512981461
84,user_69@itrec.com,user_69,5974f0a96162c25b4cdcb2925b65e57a10013604e0bf1e7336dd529933b2bb9b,A,1512981461
85,user_70@itrec.com,user_70,5974f0a96162c25b4cdcb2925b65e57a10013604e0bf1e7336dd529933b2bb9b,A,1512981461
86,user_71@itrec.com,user_71,5974f0a96162c25b4cdcb2925b65e57a10013604e0bf1e7336dd529933b2bb9b,A,1512981461
87,user_72@itrec.com,user_72,5974f0a96162c25b4cdcb2925b65e57a10013604e0bf1e7336dd529933b2bb9b,A,1512981461
88,user_73@itrec.com,user_73,5974f0a96162c25b4cdcb2925b65e57a10013604e0bf1e7336dd529933b2bb9b,A,1512981461
89,user_74@itrec.com,user_74,5974f0a96162c25b4cdcb2925b65e57a10013604e0bf1e7336dd529933b2bb9b,A,1512981461
92,user_75@itrec.com,user_75,5974f0a96162c25b4cdcb2925b65e57a10013604e0bf1e7336dd529933b2bb9b,A,1512981461
93,user_76@itrec.com,user_76,5974f0a96162c25b4cdcb2925b65e57a10013604e0bf1e7336dd529933b2bb9b,A,1512981461
94,user_77@itrec.com,user_77,5974f0a96162c25b4cdcb2925b65e57a10013604e0bf1e7336dd529933b2bb9b,A,1512981461
95,user_78@itrec.com,user_78,5974f0a96162c25b4cdcb2925b65e57a10013604e0bf1e7336dd529933b2bb9b,A,1512981461
96,user_79@itrec.com,user_79,5974f0a96162c25b4cdcb2925b65e57a10013604e0bf1e7336dd529933b2bb9b,A,1512981461
97,user_80@itrec.com,user_80,5974f0a96162c25b4cdcb2925b65e57a10013604e0bf1e7336dd529933b2bb9b,A,1512981461
98,user_81@itrec.com,user_81,5974f0a96162c25b4cdcb2925b65e57a10013604e0bf1e7336dd529933b2bb9b,A,1512981461
99,user_82@itrec.com,user_82,5974f0a96162c25b4cdcb2925b65e57a10013604e0bf1e7336dd529933b2bb9b,A,1512981461
100,user_83@itrec.com,user_83,5974f0a96162c25b4cdcb2925b65e57a10013604e0bf1e7336dd529933b2bb9b,A,1512981461
101,user_84@itrec.com,user_84,5974f0a96162c25b4cdcb2925b65e57a10013604e0bf1e7336dd529933b2bb9b,A,1512981461
102,user_85@itrec.com,user_85,5974f0a96162c25b4cdcb2925b65e57a10013604e0bf1e7336dd529933b2bb9b,A,1512981461
103,user_86@itrec.com,user_86,5974f0a96162c25b4cdcb2925b65e57a10013604e0bf1e7336dd529933b2bb9b,A,1512981461
104,user_87@itrec.com,user_87,5974f0a96162c25b4cdcb2925b65e57a10013604e0bf1e7336dd529933b2bb9b,A,1512981461
105,user_88@itrec.com,user_88,5974f0a96162c25b4cdcb2925b65e57a10013604e0bf1e7336dd529933b2bb9b,A,1512981461
107,user_89@itrec.com,user_89,5974f0a96162c25b4cdcb2925b65e57a10013604e0bf1e7336dd529933b2bb9b,A,1512981461
108,user_90@itrec.com,user_90,5974f0a96162c25b4cdcb2925b65e57a10013604e0bf1e7336dd529933b2bb9b,A,1512981461
110,user_91@itrec.com,user_91,5974f0a96162c25b4cdcb2925b65e57a10013604e0bf1e7336dd529933b2bb9b,A,1512981461
111,user_92@itrec.com,user_92,5974f0a96162c25b4cdcb2925b65e57a10013604e0bf1e7336dd529933b2bb9b,A,1512981461
112,user_93@itrec.com,user_93,5974f0a96162c25b4cdcb2925b65e57a10013604e0bf1e7336dd529933b2bb9b,A,1512981461
113,user_94@itrec.com,user_94,5974f0a96162c25b4cdcb2925b65e57a10013604e0bf1e7336dd529933b2bb9b,A,1512981461
114,user_95@itrec.com,user_95,5974f0a96162c25b4cdcb2925b65e57a10013604e0bf1e7336dd529933b2bb9b,A,1512981461
116,user_96@itrec.com,user_96,5974f0a96162c25b4cdcb2925b65e57a10013604e0bf1e7336dd529933b2bb9b,A,1512981461
117,user_97@itrec.com,user_97,5974f0a96162c25b4cdcb2925b65e57a10013604e0bf1e7336dd529933b2bb9b,A,1512981461
118,user_98@itrec.com,user_98,5974f0a96162c25b4cdcb2925b65e57a10013604e0bf1e7336dd529933b2bb9b,A,1512981461
119,user_99@itrec.com,user_99,5974f0a96162c25b4cdcb2925b65e57a10013604e0bf1e7336dd529933b2bb9b,A,1512981461
121,user_100@itrec.com,user_100,5974f0a96162c25b4cdcb2925b65e57a10013604e0bf1e7336dd529933b2bb9b,A,1512981461
122,user_101@itrec.com,user_101,5974f0a96162c25b4cdcb2925b65e57a10013604e0bf1e7336dd529933b2bb9b,A,1512981461
123,user_102@itrec.com,user_102,5974f0a96162c25b4cdcb2925b65e57a10013604e0bf1e7336dd529933b2bb9b,A,1512981461
124,user_103@itrec.com,user_103,5974f0a96162c25b4cdcb2925b65e57a10013604e0bf1e7336dd529933b2bb9b,A,1512981461
125,user_104@itrec.com,user_104,5974f0a96162c25b4cdcb2925b65e57a10013604e0bf1e7336dd529933b2bb9b,A,1512981461
126,user_105@itrec.com,user_105,5974f0a96162c25b4cdcb2925b65e57a10013604e0bf1e7336dd529933b2bb9b,A,1512981461
129,user_106@itrec.com,user_106,5974f0a96162c25b4cdcb2925b65e57a10013604e0bf1e7336dd529933b2bb9b,A,1512981461
130,user_107@itrec.com,user_107,5974f0a96162c25b4cdcb2925b65e57a10013604e0bf1e7336dd529933b2bb9b,A,1512981461
131,user_108@itrec.com,user_108,5974f0a96162c25b4cdcb2925b65e57a10013604e0bf1e7336dd529933b2bb9b,A,1512981461
132,user_109@itrec.com,user_109,5974f0a96162c25b4cdcb2925b65e57a10013604e0bf1e7336dd529933b2bb9b,A,1512981461
135,user_110@itrec.com,user_110,5974f0a96162c25b4cdcb2925b65e57a10013604e0bf1e7336dd529933b2bb9b,A,1512981461
137,user_111@itrec.com,user_111,5974f0a96162c25b4cdcb2925b65e57a10013604e0bf1e7336dd529933b2bb9b,A,1512981461
140,user_112@itrec.com,user_112,5974f0a96162c25b4cdcb2925b65e57a10013604e0bf1e7336dd529933b2bb9b,A,1512981461
141,user_113@itrec.com,user_113,5974f0a96162c25b4cdcb2925b65e57a10013604e0bf1e7336dd529933b2bb9b,A,1512981461
144,user_114@itrec.com,user_114,5974f0a96162c25b4cdcb2925b65e57a10013604e0bf1e7336dd529933b2bb9b,A,1512981461
145,user_115@itrec.com,user_115,5974f0a96162c25b4cdcb2925b65e57a10013604e0bf1e7336dd529933b2bb9b,A,1512981461
146,user_116@itrec.com,user_116,5974f0a96162c25b4cdcb2925b65e57a10013604e0bf1e7336dd529933b2bb9b,A,1512981461
147,user_117@itrec.com,user_117,5974f0a96162c25b4cdcb2925b65e57a10013604e0bf1e7336dd529933b2bb9b,A,1512981461
148,user_118@itrec.com,user_118,5974f0a96162c25b4cdcb2925b65e57a10013604e0bf1e7336dd529933b2bb9b,A,1512981461
149,user_119@itrec.com,user_119,5974f0a96162c25b4cdcb2925b65e57a10013604e0bf1e7336dd529933b2bb9b,A,1512981461
150,user_120@itrec.com,user_120,5974f0a96162c25b4cdcb2925b65e57a10013604e0bf1e7336dd529933b2bb9b,A,1512981461
151,user_121@itrec.com,user_121,5974f0a96162c25b4cdcb2925b65e57a10013604e0bf1e7336dd529933b2bb9b,A,1512981461
152,user_122@itrec.com,user_122,5974f0a96162c25b4cdcb2925b65e57a10013604e0bf1e7336dd529933b2bb9b,A,1512981461
153,user_123@itrec.com,user_123,5974f0a96162c25b4cdcb2925b65e57a10013604e0bf1e7336dd529933b2bb9b,A,1512981461
154,user_124@itrec.com,user_124,5974f0a96162c25b4cdcb2925b65e57a10013604e0bf1e7336dd529933b2bb9b,A,1512981461
155,user_125@itrec.com,user_125,5974f0a96162c25b4cdcb2925b65e57a10013604e0bf1e7336dd529933b2bb9b,A,1512981461
156,user_126@itrec.com,user_126,5974f0a96162c25b4cdcb2925b65e57a10013604e0bf1e7336dd529933b2bb9b,A,1512981461
157,user_127@itrec.com,user_127,5974f0a96162c25b4cdcb2925b65e57a10013604e0bf1e7336dd529933b2bb9b,A,1512981461
158,user_128@itrec.com,user_128,5974f0a96162c25b4cdcb2925b65e57a10013604e0bf1e7336dd529933b2bb9b,A,1512981461
159,user_129@itrec.com,user_129,5974f0a96162c25b4cdcb2925b65e57a10013604e0bf1e7336dd529933b2bb9b,A,1512981461
160,user_130@itrec.com,user_130,5974f0a96162c25b4cdcb2925b65e57a10013604e0bf1e7336dd529933b2bb9b,A,1512981461
161,user_131@itrec.com,user_131,5974f0a96162c25b4cdcb2925b65e57a10013604e0bf1e7336dd529933b2bb9b,A,1512981461
162,user_132@itrec.com,user_132,5974f0a96162c25b4cdcb2925b65e57a10013604e0bf1e7336dd529933b2bb9b,A,1512981461
163,user_133@itrec.com,user_133,5974f0a96162c25b4cdcb2925b65e57a10013604e0bf1e7336dd529933b2bb9b,A,1512981461
164,user_134@itrec.com,user_134,5974f0a96162c25b4cdcb2925b65e57a10013604e0bf1e7336dd529933b2bb9b,A,1512981461
165,user_135@itrec.com,user_135,5974f0a96162c25b4cdcb2925b65e57a10013604e0bf1e7336dd529933b2bb9b,A,1512981461
166,user_136@itrec.com,user_136,5974f0a96162c25b4cdcb2925b65e57a10013604e0bf1e7336dd529933b2bb9b,A,1512981461
167,user_137@itrec.com,user_137,5974f0a96162c25b4cdcb2925b65e57a10013604e0bf1e7336dd529933b2bb9b,A,1512981461
168,user_138@itrec.com,user_138,5974f0a96162c25b4cdcb2925b65e57a10013604e0bf1e7336dd529933b2bb9b,A,1512981461
169,user_139@itrec.com,user_139,5974f0a96162c25b4cdcb2925b65e57a10013604e0bf1e7336dd529933b2bb9b,A,1512981461
170,user_140@itrec.com,user_140,5974f0a96162c25b4cdcb2925b65e57a10013604e0bf1e7336dd529933b2bb9b,A,1512981461
171,user_141@itrec.com,user_141,5974f0a96162c25b4cdcb2925b65e57a10013604e0bf1e7336dd529933b2bb9b,A,1512981461
172,user_142@itrec.com,user_142,5974f0a96162c25b4cdcb2925b65e57a10013604e0bf1e7336dd529933b2bb9b,A,1512981461
173,user_143@itrec.com,user_143,5974f0a96162c25b4cdcb2925b65e57a10013604e0bf1e7336dd529933b2bb9b,A,1512981461
174,user_144@itrec.com,user_144,5974f0a96162c25b4cdcb2925b65e57a10013604e0bf1e7336dd529933b2bb9b,A,1512981461
175,user_145@itrec.com,user_145,5974f0a96162c25b4cdcb2925b65e57a10013604e0bf1e7336dd529933b2bb9b,A,1512981461
176,user_146@itrec.com,user_146,5974f0a96162c25b4cdcb2925b65e57a10013604e0bf1e7336dd529933b2bb9b,A,1512981461
177,user_147@itrec.com,user_147,5974f0a96162c25b4cdcb2925b65e57a10013604e0bf1e7336dd529933b2bb9b,A,1512981461
178,user_148@itrec.com,user_148,5974f0a96162c25b4cdcb2925b65e57a10013604e0bf1e7336dd529933b2bb9b,A,1512981461
179,user_149@itrec.com,user_149,5974f0a96162c25b4cdcb2925b65e57a10013604e0bf1e7336dd529933b2bb9b,A,1512981461
180,user_150@itrec.com,user_150,5974f0a96162c25b4cdcb2925b65e57a10013604e0bf1e7336dd529933b2bb9b,A,1512981461
181,user_151@itrec.com,user_151,5974f0a96162c25b4cdcb2925b65e57a10013604e0bf1e7336dd529933b2bb9b,A,1512981461
183,user_152@itrec.com,user_152,5974f0a96162c25b4cdcb2925b65e57a10013604e0bf1e7336dd529933b2bb9b,A,1512981461
184,user_153@itrec.com,user_153,5974f0a96162c25b4cdcb2925b65e57a10013604e0bf1e7336dd529933b2bb9b,A,1512981461
185,user_154@itrec.com,user_154,5974f0a96162c25b4cdcb2925b65e57a10013604e0bf1e7336dd529933b2bb9b,A,1512981461
186,user_155@itrec.com,user_155,5974f0a96162c25b4cdcb2925b65e57a10013604e0bf1e7336dd529933b2bb9b,A,1512981461
187,user_156@itrec.com,user_156,5974f0a96162c25b4cdcb2925b65e57a10013604e0bf1e7336dd529933b2bb9b,A,1512981461
188,user_157@itrec.com,user_157,5974f0a96162c25b4cdcb2925b65e57a10013604e0bf1e7336dd529933b2bb9b,A,1512981461
189,user_158@itrec.com,user_158,5974f0a96162c25b4cdcb2925b65e57a10013604e0bf1e7336dd529933b2bb9b,A,1512981461
190,user_159@itrec.com,user_159,5974f0a96162c25b4cdcb2925b65e57a10013604e0bf1e7336dd529933b2bb9b,A,1512981461
191,user_160@itrec.com,user_160,5974f0a96162c25b4cdcb2925b65e57a10013604e0bf1e7336dd529933b2bb9b,A,1512981461
193,user_161@itrec.com,user_161,5974f0a96162c25b4cdcb2925b65e57a10013604e0bf1e7336dd529933b2bb9b,A,1512981461
194,user_162@itrec.com,user_162,5974f0a96162c25b4cdcb2925b65e57a10013604e0bf1e7336dd529933b2bb9b,A,1512981461
195,user_163@itrec.com,user_163,5974f0a96162c25b4cdcb2925b65e57a10013604e0bf1e7336dd529933b2bb9b,A,1512981461
196,user_164@itrec.com,user_164,5974f0a96162c25b4cdcb2925b65e57a10013604e0bf1e7336dd529933b2bb9b,A,1512981461
198,user_165@itrec.com,user_165,5974f0a96162c25b4cdcb2925b65e57a10013604e0bf1e7336dd529933b2bb9b,A,1512981461
199,user_166@itrec.com,user_166,5974f0a96162c25b4cdcb2925b65e57a10013604e0bf1e7336dd529933b2bb9b,A,1512981461
200,user_167@itrec.com,user_167,5974f0a96162c25b4cdcb2925b65e57a10013604e0bf1e7336dd529933b2bb9b,A,1512981461
201,user_168@itrec.com,user_168,5974f0a96162c25b4cdcb2925b65e57a10013604e0bf1e7336dd529933b2bb9b,A,1512981461
202,user_169@itrec.com,user_169,5974f0a96162c25b4cdcb2925b65e57a10013604e0bf1e7336dd529933b2bb9b,A,1512981461
203,user_170@itrec.com,user_170,5974f0a96162c25b4cdcb2925b65e57a10013604e0bf1e7336dd529933b2bb9b,A,1512981461
204,user_171@itrec.com,user_171,5974f0a96162c25b4cdcb2925b65e57a10013604e0bf1e7336dd529933b2bb9b,A,1512981461
205,user_172@itrec.com,user_172,5974f0a96162c25b4cdcb2925b65e57a10013604e0bf1e7336dd529933b2bb9b,A,1512981461
206,user_173@itrec.com,user_173,5974f0a96162c25b4cdcb2925b65e57a10013604e0bf1e7336dd529933b2bb9b,A,1512981461
207,user_174@itrec.com,user_174,5974f0a96162c25b4cdcb2925b65e57a10013604e0bf1e7336dd529933b2bb9b,A,1512981461
208,user_175@itrec.com,user_175,5974f0a96162c25b4cdcb2925b65e57a10013604e0bf1e7336dd529933b2bb9b,A,1512981461
209,user_176@itrec.com,user_176,5974f0a96162c25b4cdcb2925b65e57a10013604e0bf1e7336dd529933b2bb9b,A,1512981461
211,user_177@itrec.com,user_177,5974f0a96162c25b4cdcb2925b65e57a10013604e0bf1e7336dd529933b2bb9b,A,1512981461
213,user_178@itrec.com,user_178,5974f0a96162c25b4cdcb2925b65e57a10013604e0bf1e7336dd529933b2bb9b,A,1512981461
214,user_179@itrec.com,user_179,5974f0a96162c25b4cdcb2925b65e57a10013604e0bf1e7336dd529933b2bb9b,A,1512981461
215,user_180@itrec.com,user_180,5974f0a96162c25b4cdcb2925b65e57a10013604e0bf1e7336dd529933b2bb9b,A,1512981461
216,user_181@itrec.com,user_181,5974f0a96162c25b4cdcb2925b65e57a10013604e0bf1e7336dd529933b2bb9b,A,1512981461
217,user_182@itrec.com,user_182,5974f0a96162c25b4cdcb2925b65e57a10013604e0bf1e7336dd529933b2bb9b,A,1512981461
218,user_183@itrec.com,user_183,5974f0a96162c25b4cdcb2925b65e57a10013604e0bf1e7336dd529933b2bb9b,A,1512981461
219,user_184@itrec.com,user_184,5974f0a96162c25b4cdcb2925b65e57a10013604e0bf1e7336dd529933b2bb9b,A,1512981461
220,user_185@itrec.com,user_185,5974f0a96162c25b4cdcb2925b65e57a10013604e0bf1e7336dd529933b2bb9b,A,1512981461
222,user_186@itrec.com,user_186,5974f0a96162c25b4cdcb2925b65e57a10013604e0bf1e7336dd529933b2bb9b,A,1512981461
223,user_187@itrec.com,user_187,5974f0a96162c25b4cdcb2925b65e57a10013604e0bf1e7336dd529933b2bb9b,A,1512981461
224,user_188@itrec.com,user_188,5974f0a96162c25b4cdcb2925b65e57a10013604e0bf1e7336dd529933b2bb9b,A,1512981461
225,user_189@itrec.com,user_189,5974f0a96162c25b4cdcb2925b65e57a10013604e0bf1e7336dd529933b2bb9b,A,1512981461
227,user_190@itrec.com,user_190,5974f0a96162c25b4cdcb2925b65e57a10013604e0bf1e7336dd529933b2bb9b,A,1512981461
228,user_191@itrec.com,user_191,5974f0a96162c25b4cdcb2925b65e57a10013604e0bf1e7336dd529933b2bb9b,A,1512981461
229,user_192@itrec.com,user_192,5974f0a96162c25b4cdcb2925b65e57a10013604e0bf1e7336dd529933b2bb9b,A,1512981461
230,user_193@itrec.com,user_193,5974f0a96162c25b4cdcb2925b65e57a10013604e0bf1e7336dd529933b2bb9b,A,1512981461
231,user_194@itrec.com,user_194,5974f0a96162c25b4cdcb2925b65e57a10013604e0bf1e7336dd529933b2bb9b,A,1512981461
232,user_195@itrec.com,user_195,5974f0a96162c25b4cdcb2925b65e57a10013604e0bf1e7336dd529933b2bb9b,A,1512981461
233,user_196@itrec.com,user_196,5974f0a96162c25b4cdcb2925b65e57a10013604e0bf1e7336dd529933b2bb9b,A,1512981461
234,user_197@itrec.com,user_197,5974f0a96162c25b4cdcb2925b65e57a10013604e0bf1e7336dd529933b2bb9b,A,1512981461
235,user_198@itrec.com,user_198,5974f0a96162c25b4cdcb2925b65e57a10013604e0bf1e7336dd529933b2bb9b,A,1512981461
236,user_199@itrec.com,user_199,5974f0a96162c25b4cdcb2925b65e57a10013604e0bf1e7336dd529933b2bb9b,A,1512981461
237,user_200@itrec.com,user_200,5974f0a96162c25b4cdcb2925b65e57a10013604e0bf1e7336dd529933b2bb9b,A,1512981461
238,user_201@itrec.com,user_201,5974f0a96162c25b4cdcb2925b65e57a10013604e0bf1e7336dd529933b2bb9b,A,1512981461
239,user_202@itrec.com,user_202,5974f0a96162c25b4cdcb2925b65e57a10013604e0bf1e7336dd529933b2bb9b,A,1512981461
240,user_203@itrec.com,user_203,5974f0a96162c25b4cdcb2925b65e57a10013604e0bf1e7336dd529933b2bb9b,A,1512981461
241,user_204@itrec.com,user_204,5974f0a96162c25b4cdcb2925b65e57a10013604e0bf1e7336dd529933b2bb9b,A,1512981461
242,user_205@itrec.com,user_205,5974f0a96162c25b4cdcb2925b65e57a10013604e0bf1e7336dd529933b2bb9b,A,1512981461
243,user_206@itrec.com,user_206,5974f0a96162c25b4cdcb2925b65e57a10013604e0bf1e7336dd529933b2bb9b,A,1512981461
244,user_207@itrec.com,user_207,5974f0a96162c25b4cdcb2925b65e57a10013604e0bf1e7336dd529933b2bb9b,A,1512981461
245,user_208@itrec.com,user_208,5974f0a96162c25b4cdcb2925b65e57a10013604e0bf1e7336dd529933b2bb9b,A,1512981461
246,user_209@itrec.com,user_209,5974f0a96162c25b4cdcb2925b65e57a10013604e0bf1e7336dd529933b2bb9b,A,1512981461
247,user_210@itrec.com,user_210,5974f0a96162c25b4cdcb2925b65e57a10013604e0bf1e7336dd529933b2bb9b,A,1512981461
248,user_211@itrec.com,user_211,5974f0a96162c25b4cdcb2925b65e57a10013604e0bf1e7336dd529933b2bb9b,A,1512981461
249,user_212@itrec.com,user_212,5974f0a96162c25b4cdcb2925b65e57a10013604e0bf1e7336dd529933b2bb9b,A,1512981461
250,user_213@itrec.com,user_213,5974f0a96162c25b4cdcb2925b65e57a10013604e0bf1e7336dd529933b2bb9b,A,1512981461
251,user_214@itrec.com,user_214,5974f0a96162c25b4cdcb2925b65e57a10013604e0bf1e7336dd529933b2bb9b,A,1512981461
252,user_215@itrec.com,user_215,5974f0a96162c25b4cdcb2925b65e57a10013604e0bf1e7336dd529933b2bb9b,A,1512981461
253,user_216@itrec.com,user_216,5974f0a96162c25b4cdcb2925b65e57a10013604e0bf1e7336dd529933b2bb9b,A,1512981461
254,user_217@itrec.com,user_217,5974f0a96162c25b4cdcb2925b65e57a10013604e0bf1e7336dd529933b2bb9b,A,1512981461
255,user_218@itrec.com,user_218,5974f0a96162c25b4cdcb2925b65e57a10013604e0bf1e7336dd529933b2bb9b,A,1512981461
256,user_219@itrec.com,user_219,5974f0a96162c25b4cdcb2925b65e57a10013604e0bf1e7336dd529933b2bb9b,A,1512981461
257,user_220@itrec.com,user_220,5974f0a96162c25b4cdcb2925b65e57a10013604e0bf1e7336dd529933b2bb9b,A,1512981461
258,user_221@itrec.com,user_221,5974f0a96162c25b4cdcb2925b65e57a10013604e0bf1e7336dd529933b2bb9b,A,1512981461
259,user_222@itrec.com,user_222,5974f0a96162c25b4cdcb2925b65e57a10013604e0bf1e7336dd529933b2bb9b,A,1512981461
260,user_223@itrec.com,user_223,5974f0a96162c25b4cdcb2925b65e57a10013604e0bf1e7336dd529933b2bb9b,A,1512981461
261,user_224@itrec.com,user_224,5974f0a96162c25b4cdcb2925b65e57a10013604e0bf1e7336dd529933b2bb9b,A,1512981461
262,user_225@itrec.com,user_225,5974f0a96162c25b4cdcb2925b65e57a10013604e0bf1e7336dd529933b2bb9b,A,1512981461
263,user_226@itrec.com,user_226,5974f0a96162c25b4cdcb2925b65e57a10013604e0bf1e7336dd529933b2bb9b,A,1512981461
264,user_227@itrec.com,user_227,5974f0a96162c25b4cdcb2925b65e57a10013604e0bf1e7336dd529933b2bb9b,A,1512981461
265,user_228@itrec.com,user_228,5974f0a96162c25b4cdcb2925b65e57a10013604e0bf1e7336dd529933b2bb9b,A,1512981461
266,user_229@itrec.com,user_229,5974f0a96162c25b4cdcb2925b65e57a10013604e0bf1e7336dd529933b2bb9b,A,1512981461
267,user_230@itrec.com,user_230,5974f0a96162c25b4cdcb2925b65e57a10013604e0bf1e7336dd529933b2bb9b,A,1512981461
268,user_231@itrec.com,user_231,5974f0a96162c25b4cdcb2925b65e57a10013604e0bf1e7336dd529933b2bb9b,A,1512981461
269,user_232@itrec.com,user_232,5974f0a96162c25b4cdcb2925b65e57a10013604e0bf1e7336dd529933b2bb9b,A,1512981461
270,user_233@itrec.com,user_233,5974f0a96162c25b4cdcb2925b65e57a10013604e0bf1e7336dd529933b2bb9b,A,1512981461
271,user_234@itrec.com,user_234,5974f0a96162c25b4cdcb2925b65e57a10013604e0bf1e7336dd529933b2bb9b,A,1512981461
272,user_235@itrec.com,user_235,5974f0a96162c25b4cdcb2925b65e57a10013604e0bf1e7336dd529933b2bb9b,A,1512981461
273,user_236@itrec.com,user_236,5974f0a96162c25b4cdcb2925b65e57a10013604e0bf1e7336dd529933b2bb9b,A,1512981461
274,user_237@itrec.com,user_237,5974f0a96162c25b4cdcb2925b65e57a10013604e0bf1e7336dd529933b2bb9b,A,1512981461
275,user_238@itrec.com,user_238,5974f0a96162c25b4cdcb2925b65e57a10013604e0bf1e7336dd529933b2bb9b,A,1512981461
276,user_239@itrec.com,user_239,5974f0a96162c25b4cdcb2925b65e57a10013604e0bf1e7336dd529933b2bb9b,A,1512981461
277,user_240@itrec.com,user_240,5974f0a96162c25b4cdcb2925b65e57a10013604e0bf1e7336dd529933b2bb9b,A,1512981461
278,user_241@itrec.com,user_241,5974f0a96162c25b4cdcb2925b65e57a10013604e0bf1e7336dd529933b2bb9b,A,1512981461
279,user_242@itrec.com,user_242,5974f0a96162c25b4cdcb2925b65e57a10013604e0bf1e7336dd529933b2bb9b,A,1512981461
280,user_243@itrec.com,user_243,5974f0a96162c25b4cdcb2925b65e57a10013604e0bf1e7336dd529933b2bb9b,A,1512981461
281,user_244@itrec.com,user_244,5974f0a96162c25b4cdcb2925b65e57a10013604e0bf1e7336dd529933b2bb9b,A,1512981461
282,user_245@itrec.com,user_245,5974f0a96162c25b4cdcb2925b65e57a10013604e0bf1e7336dd529933b2bb9b,A,1512981461
283,user_246@itrec.com,user_246,5974f0a96162c25b4cdcb2925b65e57a10013604e0bf1e7336dd529933b2bb9b,A,1512981461
285,user_247@itrec.com,user_247,5974f0a96162c25b4cdcb2925b65e57a10013604e0bf1e7336dd529933b2bb9b,A,1512981461
287,user_248@itrec.com,user_248,5974f0a96162c25b4cdcb2925b65e57a10013604e0bf1e7336dd529933b2bb9b,A,1512981461
288,user_249@itrec.com,user_249,5974f0a96162c25b4cdcb2925b65e57a10013604e0bf1e7336dd529933b2bb9b,A,1512981461
289,user_250@itrec.com,user_250,5974f0a96162c25b4cdcb2925b65e57a10013604e0bf1e7336dd529933b2bb9b,A,1512981461
290,user_251@itrec.com,user_251,5974f0a96162c25b4cdcb2925b65e57a10013604e0bf1e7336dd529933b2bb9b,A,1512981461
291,user_252@itrec.com,user_252,5974f0a96162c25b4cdcb2925b65e57a10013604e0bf1e7336dd529933b2bb9b,A,1512981461
292,user_253@itrec.com,user_253,5974f0a96162c25b4cdcb2925b65e57a10013604e0bf1e7336dd529933b2bb9b,A,1512981461
293,user_254@itrec.com,user_254,5974f0a96162c25b4cdcb2925b65e57a10013604e0bf1e7336dd529933b2bb9b,A,1512981461
294,user_255@itrec.com,user_255,5974f0a96162c25b4cdcb2925b65e57a10013604e0bf1e7336dd529933b2bb9b,A,1512981461
295,user_256@itrec.com,user_256,5974f0a96162c25b4cdcb2925b65e57a10013604e0bf1e7336dd529933b2bb9b,A,1512981461
296,user_257@itrec.com,user_257,5974f0a96162c25b4cdcb2925b65e57a10013604e0bf1e7336dd529933b2bb9b,A,1512981461
299,user_258@itrec.com,user_258,5974f0a96162c25b4cdcb2925b65e57a10013604e0bf1e7336dd529933b2bb9b,A,1512981461
300,user_259@itrec.com,user_259,5974f0a96162c25b4cdcb2925b65e57a10013604e0bf1e7336dd529933b2bb9b,A,1512981461
301,user_260@itrec.com,user_260,5974f0a96162c25b4cdcb2925b65e57a10013604e0bf1e7336dd529933b2bb9b,A,1512981461
302,user_261@itrec.com,user_261,5974f0a96162c25b4cdcb2925b65e57a10013604e0bf1e7336dd529933b2bb9b,A,1512981461
303,user_262@itrec.com,user_262,5974f0a96162c25b4cdcb2925b65e57a10013604e0bf1e7336dd529933b2bb9b,A,1512981461
304,user_263@itrec.com,user_263,5974f0a96162c25b4cdcb2925b65e57a10013604e0bf1e7336dd529933b2bb9b,A,1512981461
305,user_264@itrec.com,user_264,5974f0a96162c25b4cdcb2925b65e57a10013604e0bf1e7336dd529933b2bb9b,A,1512981461
306,user_265@itrec.com,user_265,5974f0a96162c25b4cdcb2925b65e57a10013604e0bf1e7336dd529933b2bb9b,A,1512981461
307,user_266@itrec.com,user_266,5974f0a96162c25b4cdcb2925b65e57a10013604e0bf1e7336dd529933b2bb9b,A,1512981461
308,user_267@itrec.com,user_267,5974f0a96162c25b4cdcb2925b65e57a10013604e0bf1e7336dd529933b2bb9b,A,1512981461
309,user_268@itrec.com,user_268,5974f0a96162c25b4cdcb2925b65e57a10013604e0bf1e7336dd529933b2bb9b,A,1512981461
312,user_269@itrec.com,user_269,5974f0a96162c25b4cdcb2925b65e57a10013604e0bf1e7336dd529933b2bb9b,A,1512981461
313,user_270@itrec.com,user_270,5974f0a96162c25b4cdcb2925b65e57a10013604e0bf1e7336dd529933b2bb9b,A,1512981461
314,user_271@itrec.com,user_271,5974f0a96162c25b4cdcb2925b65e57a10013604e0bf1e7336dd529933b2bb9b,A,1512981461
315,user_272@itrec.com,user_272,5974f0a96162c25b4cdcb2925b65e57a10013604e0bf1e7336dd529933b2bb9b,A,1512981461
316,user_273@itrec.com,user_273,5974f0a96162c25b4cdcb2925b65e57a10013604e0bf1e7336dd529933b2bb9b,A,1512981461
317,user_274@itrec.com,user_274,5974f0a96162c25b4cdcb2925b65e57a10013604e0bf1e7336dd529933b2bb9b,A,1512981461
318,user_275@itrec.com,user_275,5974f0a96162c25b4cdcb2925b65e57a10013604e0bf1e7336dd529933b2bb9b,A,1512981461
319,user_276@itrec.com,user_276,5974f0a96162c25b4cdcb2925b65e57a10013604e0bf1e7336dd529933b2bb9b,A,1512981461
320,user_277@itrec.com,user_277,5974f0a96162c25b4cdcb2925b65e57a10013604e0bf1e7336dd529933b2bb9b,A,1512981461
321,user_278@itrec.com,user_278,5974f0a96162c25b4cdcb2925b65e57a10013604e0bf1e7336dd529933b2bb9b,A,1512981461
322,user_279@itrec.com,user_279,5974f0a96162c25b4cdcb2925b65e57a10013604e0bf1e7336dd529933b2bb9b,A,1512981461
324,user_280@itrec.com,user_280,5974f0a96162c25b4cdcb2925b65e57a10013604e0bf1e7336dd529933b2bb9b,A,1512981461
325,user_281@itrec.com,user_281,5974f0a96162c25b4cdcb2925b65e57a10013604e0bf1e7336dd529933b2bb9b,A,1512981461
326,user_282@itrec.com,user_282,5974f0a96162c25b4cdcb2925b65e57a10013604e0bf1e7336dd529933b2bb9b,A,1512981461
327,user_283@itrec.com,user_283,5974f0a96162c25b4cdcb2925b65e57a10013604e0bf1e7336dd529933b2bb9b,A,1512981461
328,user_284@itrec.com,user_284,5974f0a96162c25b4cdcb2925b65e57a10013604e0bf1e7336dd529933b2bb9b,A,1512981461
329,user_285@itrec.com,user_285,5974f0a96162c25b4cdcb2925b65e57a10013604e0bf1e7336dd529933b2bb9b,A,1512981461
330,user_286@itrec.com,user_286,5974f0a96162c25b4cdcb2925b65e57a10013604e0bf1e7336dd529933b2bb9b,A,1512981461
331,user_287@itrec.com,user_287,5974f0a96162c25b4cdcb2925b65e57a10013604e0bf1e7336dd529933b2bb9b,A,1512981461
332,user_288@itrec.com,user_288,5974f0a96162c25b4cdcb2925b65e57a10013604e0bf1e7336dd529933b2bb9b,A,1512981461
333,user_289@itrec.com,user_289,5974f0a96162c25b4cdcb2925b65e57a10013604e0bf1e7336dd529933b2bb9b,A,1512981461
334,user_290@itrec.com,user_290,5974f0a96162c25b4cdcb2925b65e57a10013604e0bf1e7336dd529933b2bb9b,A,1512981461
335,user_291@itrec.com,user_291,5974f0a96162c25b4cdcb2925b65e57a10013604e0bf1e7336dd529933b2bb9b,A,1512981461
336,user_292@itrec.com,user_292,5974f0a96162c25b4cdcb2925b65e57a10013604e0bf1e7336dd529933b2bb9b,A,1512981461
337,user_293@itrec.com,user_293,5974f0a96162c25b4cdcb2925b65e57a10013604e0bf1e7336dd529933b2bb9b,A,1512981461
338,user_294@itrec.com,user_294,5974f0a96162c25b4cdcb2925b65e57a10013604e0bf1e7336dd529933b2bb9b,A,1512981461
339,user_295@itrec.com,user_295,5974f0a96162c25b4cdcb2925b65e57a10013604e0bf1e7336dd529933b2bb9b,A,1512981461
340,user_296@itrec.com,user_296,5974f0a96162c25b4cdcb2925b65e57a10013604e0bf1e7336dd529933b2bb9b,A,1512981461
341,user_297@itrec.com,user_297,5974f0a96162c25b4cdcb2925b65e57a10013604e0bf1e7336dd529933b2bb9b,A,1512981461
342,user_298@itrec.com,user_298,5974f0a96162c25b4cdcb2925b65e57a10013604e0bf1e7336dd529933b2bb9b,A,1512981461
343,user_299@itrec.com,user_299,5974f0a96162c25b4cdcb2925b65e57a10013604e0bf1e7336dd529933b2bb9b,A,1512981461
344,user_300@itrec.com,user_300,5974f0a96162c25b4cdcb2925b65e57a10013604e0bf1e7336dd529933b2bb9b,A,1512981461
345,user_301@itrec.com,user_301,5974f0a96162c25b4cdcb2925b65e57a10013604e0bf1e7336dd529933b2bb9b,A,1512981461
346,user_302@itrec.com,user_302,5974f0a96162c25b4cdcb2925b65e57a10013604e0bf1e7336dd529933b2bb9b,A,1512981461
347,user_303@itrec.com,user_303,5974f0a96162c25b4cdcb2925b65e57a10013604e0bf1e7336dd529933b2bb9b,A,1512981461
348,user_304@itrec.com,user_304,5974f0a96162c25b4cdcb2925b65e57a10013604e0bf1e7336dd529933b2bb9b,A,1512981461
349,user_305@itrec.com,user_305,5974f0a96162c25b4cdcb2925b65e57a10013604e0bf1e7336dd529933b2bb9b,A,1512981461
350,user_306@itrec.com,user_306,5974f0a96162c25b4cdcb2925b65e57a10013604e0bf1e7336dd529933b2bb9b,A,1512981461
351,user_307@itrec.com,user_307,5974f0a96162c25b4cdcb2925b65e57a10013604e0bf1e7336dd529933b2bb9b,A,1512981461
352,user_308@itrec.com,user_308,5974f0a96162c25b4cdcb2925b65e57a10013604e0bf1e7336dd529933b2bb9b,A,1512981461
353,user_309@itrec.com,user_309,5974f0a96162c25b4cdcb2925b65e57a10013604e0bf1e7336dd529933b2bb9b,A,1512981461
354,user_310@itrec.com,user_310,5974f0a96162c25b4cdcb2925b65e57a10013604e0bf1e7336dd529933b2bb9b,A,1512981461
355,user_311@itrec.com,user_311,5974f0a96162c25b4cdcb2925b65e57a10013604e0bf1e7336dd529933b2bb9b,A,1512981461
356,user_312@itrec.com,user_312,5974f0a96162c25b4cdcb2925b65e57a10013604e0bf1e7336dd529933b2bb9b,A,1512981461
357,user_313@itrec.com,user_313,5974f0a96162c25b4cdcb2925b65e57a10013604e0bf1e7336dd529933b2bb9b,A,1512981461
358,user_314@itrec.com,user_314,5974f0a96162c25b4cdcb2925b65e57a10013604e0bf1e7336dd529933b2bb9b,A,1512981461
360,user_315@itrec.com,user_315,5974f0a96162c25b4cdcb2925b65e57a10013604e0bf1e7336dd529933b2bb9b,A,1512981461
361,user_316@itrec.com,user_316,5974f0a96162c25b4cdcb2925b65e57a10013604e0bf1e7336dd529933b2bb9b,A,1512981461
362,user_317@itrec.com,user_317,5974f0a96162c25b4cdcb2925b65e57a10013604e0bf1e7336dd529933b2bb9b,A,1512981461
363,user_318@itrec.com,user_318,5974f0a96162c25b4cdcb2925b65e57a10013604e0bf1e7336dd529933b2bb9b,A,1512981461
364,user_319@itrec.com,user_319,5974f0a96162c25b4cdcb2925b65e57a10013604e0bf1e7336dd529933b2bb9b,A,1512981461
365,user_320@itrec.com,user_320,5974f0a96162c25b4cdcb2925b65e57a10013604e0bf1e7336dd529933b2bb9b,A,1512981461
366,user_321@itrec.com,user_321,5974f0a96162c25b4cdcb2925b65e57a10013604e0bf1e7336dd529933b2bb9b,A,1512981461
367,user_322@itrec.com,user_322,5974f0a96162c25b4cdcb2925b65e57a10013604e0bf1e7336dd529933b2bb9b,A,1512981461
368,user_323@itrec.com,user_323,5974f0a96162c25b4cdcb2925b65e57a10013604e0bf1e7336dd529933b2bb9b,A,1512981461
369,user_324@itrec.com,user_324,5974f0a96162c25b4cdcb2925b65e57a10013604e0bf1e7336dd529933b2bb9b,A,1512981461
370,user_325@itrec.com,user_325,5974f0a96162c25b4cdcb2925b65e57a10013604e0bf1e7336dd529933b2bb9b,A,1512981461
371,user_326@itrec.com,user_326,5974f0a96162c25b4cdcb2925b65e57a10013604e0bf1e7336dd529933b2bb9b,A,1512981461
372,user_327@itrec.com,user_327,5974f0a96162c25b4cdcb2925b65e57a10013604e0bf1e7336dd529933b2bb9b,A,1512981461
373,user_328@itrec.com,user_328,5974f0a96162c25b4cdcb2925b65e57a10013604e0bf1e7336dd529933b2bb9b,A,1512981461
374,user_329@itrec.com,user_329,5974f0a96162c25b4cdcb2925b65e57a10013604e0bf1e7336dd529933b2bb9b,A,1512981461
375,user_330@itrec.com,user_330,5974f0a96162c25b4cdcb2925b65e57a10013604e0bf1e7336dd529933b2bb9b,A,1512981461
376,user_331@itrec.com,user_331,5974f0a96162c25b4cdcb2925b65e57a10013604e0bf1e7336dd529933b2bb9b,A,1512981461
377,user_332@itrec.com,user_332,5974f0a96162c25b4cdcb2925b65e57a10013604e0bf1e7336dd529933b2bb9b,A,1512981461
378,user_333@itrec.com,user_333,5974f0a96162c25b4cdcb2925b65e57a10013604e0bf1e7336dd529933b2bb9b,A,1512981461
379,user_334@itrec.com,user_334,5974f0a96162c25b4cdcb2925b65e57a10013604e0bf1e7336dd529933b2bb9b,A,1512981461
380,user_335@itrec.com,user_335,5974f0a96162c25b4cdcb2925b65e57a10013604e0bf1e7336dd529933b2bb9b,A,1512981461
381,user_336@itrec.com,user_336,5974f0a96162c25b4cdcb2925b65e57a10013604e0bf1e7336dd529933b2bb9b,A,1512981461
382,user_337@itrec.com,user_337,5974f0a96162c25b4cdcb2925b65e57a10013604e0bf1e7336dd529933b2bb9b,A,1512981461
383,user_338@itrec.com,user_338,5974f0a96162c25b4cdcb2925b65e57a10013604e0bf1e7336dd529933b2bb9b,A,1512981461
384,user_339@itrec.com,user_339,5974f0a96162c25b4cdcb2925b65e57a10013604e0bf1e7336dd529933b2bb9b,A,1512981461
387,user_340@itrec.com,user_340,5974f0a96162c25b4cdcb2925b65e57a10013604e0bf1e7336dd529933b2bb9b,A,1512981461
388,user_341@itrec.com,user_341,5974f0a96162c25b4cdcb2925b65e57a10013604e0bf1e7336dd529933b2bb9b,A,1512981461
389,user_342@itrec.com,user_342,5974f0a96162c25b4cdcb2925b65e57a10013604e0bf1e7336dd529933b2bb9b,A,1512981461
390,user_343@itrec.com,user_343,5974f0a96162c25b4cdcb2925b65e57a10013604e0bf1e7336dd529933b2bb9b,A,1512981461
391,user_344@itrec.com,user_344,5974f0a96162c25b4cdcb2925b65e57a10013604e0bf1e7336dd529933b2bb9b,A,1512981461
392,user_345@itrec.com,user_345,5974f0a96162c25b4cdcb2925b65e57a10013604e0bf1e7336dd529933b2bb9b,A,1512981461
393,user_346@itrec.com,user_346,5974f0a96162c25b4cdcb2925b65e57a10013604e0bf1e7336dd529933b2bb9b,A,1512981461
401,user_347@itrec.com,user_347,5974f0a96162c25b4cdcb2925b65e57a10013604e0bf1e7336dd529933b2bb9b,A,1512981461
405,user_348@itrec.com,user_348,5974f0a96162c25b4cdcb2925b65e57a10013604e0bf1e7336dd529933b2bb9b,A,1512981461
407,user_349@itrec.com,user_349,5974f0a96162c25b4cdcb2925b65e57a10013604e0bf1e7336dd529933b2bb9b,A,1512981461
408,user_350@itrec.com,user_350,5974f0a96162c25b4cdcb2925b65e57a10013604e0bf1e7336dd529933b2bb9b,A,1512981461
409,user_351@itrec.com,user_351,5974f0a96162c25b4cdcb2925b65e57a10013604e0bf1e7336dd529933b2bb9b,A,1512981461
410,user_352@itrec.com,user_352,5974f0a96162c25b4cdcb2925b65e57a10013604e0bf1e7336dd529933b2bb9b,A,1512981461
412,user_353@itrec.com,user_353,5974f0a96162c25b4cdcb2925b65e57a10013604e0bf1e7336dd529933b2bb9b,A,1512981461
413,user_354@itrec.com,user_354,5974f0a96162c25b4cdcb2925b65e57a10013604e0bf1e7336dd529933b2bb9b,A,1512981461
414,user_355@itrec.com,user_355,5974f0a96162c25b4cdcb2925b65e57a10013604e0bf1e7336dd529933b2bb9b,A,1512981461
415,user_356@itrec.com,user_356,5974f0a96162c25b4cdcb2925b65e57a10013604e0bf1e7336dd529933b2bb9b,A,1512981461
416,user_357@itrec.com,user_357,5974f0a96162c25b4cdcb2925b65e57a10013604e0bf1e7336dd529933b2bb9b,A,1512981461
417,user_358@itrec.com,user_358,5974f0a96162c25b4cdcb2925b65e57a10013604e0bf1e7336dd529933b2bb9b,A,1512981461
418,user_359@itrec.com,user_359,5974f0a96162c25b4cdcb2925b65e57a10013604e0bf1e7336dd529933b2bb9b,A,1512981461
419,user_360@itrec.com,user_360,5974f0a96162c25b4cdcb2925b65e57a10013604e0bf1e7336dd529933b2bb9b,A,1512981461
420,user_361@itrec.com,user_361,5974f0a96162c25b4cdcb2925b65e57a10013604e0bf1e7336dd529933b2bb9b,A,1512981461
421,user_362@itrec.com,user_362,5974f0a96162c25b4cdcb2925b65e57a10013604e0bf1e7336dd529933b2bb9b,A,1512981461
422,user_363@itrec.com,user_363,5974f0a96162c25b4cdcb2925b65e57a10013604e0bf1e7336dd529933b2bb9b,A,1512981461
423,user_364@itrec.com,user_364,5974f0a96162c25b4cdcb2925b65e57a10013604e0bf1e7336dd529933b2bb9b,A,1512981461
424,user_365@itrec.com,user_365,5974f0a96162c25b4cdcb2925b65e57a10013604e0bf1e7336dd529933b2bb9b,A,1512981461
425,user_366@itrec.com,user_366,5974f0a96162c25b4cdcb2925b65e57a10013604e0bf1e7336dd529933b2bb9b,A,1512981461
426,user_367@itrec.com,user_367,5974f0a96162c25b4cdcb2925b65e57a10013604e0bf1e7336dd529933b2bb9b,A,1512981461
427,user_368@itrec.com,user_368,5974f0a96162c25b4cdcb2925b65e57a10013604e0bf1e7336dd529933b2bb9b,A,1512981461
428,user_369@itrec.com,user_369,5974f0a96162c25b4cdcb2925b65e57a10013604e0bf1e7336dd529933b2bb9b,A,1512981461
429,user_370@itrec.com,user_370,5974f0a96162c25b4cdcb2925b65e57a10013604e0bf1e7336dd529933b2bb9b,A,1512981461
431,user_371@itrec.com,user_371,5974f0a96162c25b4cdcb2925b65e57a10013604e0bf1e7336dd529933b2bb9b,A,1512981461
432,user_372@itrec.com,user_372,5974f0a96162c25b4cdcb2925b65e57a10013604e0bf1e7336dd529933b2bb9b,A,1512981461
433,user_373@itrec.com,user_373,5974f0a96162c25b4cdcb2925b65e57a10013604e0bf1e7336dd529933b2bb9b,A,1512981461
434,user_374@itrec.com,user_374,5974f0a96162c25b4cdcb2925b65e57a10013604e0bf1e7336dd529933b2bb9b,A,1512981461
435,user_375@itrec.com,user_375,5974f0a96162c25b4cdcb2925b65e57a10013604e0bf1e7336dd529933b2bb9b,A,1512981461
436,user_376@itrec.com,user_376,5974f0a96162c25b4cdcb2925b65e57a10013604e0bf1e7336dd529933b2bb9b,A,1512981461
437,user_377@itrec.com,user_377,5974f0a96162c25b4cdcb2925b65e57a10013604e0bf1e7336dd529933b2bb9b,A,1512981461
438,user_378@itrec.com,user_378,5974f0a96162c25b4cdcb2925b65e57a10013604e0bf1e7336dd529933b2bb9b,A,1512981461
439,user_379@itrec.com,user_379,5974f0a96162c25b4cdcb2925b65e57a10013604e0bf1e7336dd529933b2bb9b,A,1512981461
440,user_380@itrec.com,user_380,5974f0a96162c25b4cdcb2925b65e57a10013604e0bf1e7336dd529933b2bb9b,A,1512981461
441,user_381@itrec.com,user_381,5974f0a96162c25b4cdcb2925b65e57a10013604e0bf1e7336dd529933b2bb9b,A,1512981461
442,user_382@itrec.com,user_382,5974f0a96162c25b4cdcb2925b65e57a10013604e0bf1e7336dd529933b2bb9b,A,1512981461
443,user_383@itrec.com,user_383,5974f0a96162c25b4cdcb2925b65e57a10013604e0bf1e7336dd529933b2bb9b,A,1512981461
444,user_384@itrec.com,user_384,5974f0a96162c25b4cdcb2925b65e57a10013604e0bf1e7336dd529933b2bb9b,A,1512981461
445,user_385@itrec.com,user_385,5974f0a96162c25b4cdcb2925b65e57a10013604e0bf1e7336dd529933b2bb9b,A,1512981461
446,user_386@itrec.com,user_386,5974f0a96162c25b4cdcb2925b65e57a10013604e0bf1e7336dd529933b2bb9b,A,1512981461
447,user_387@itrec.com,user_387,5974f0a96162c25b4cdcb2925b65e57a10013604e0bf1e7336dd529933b2bb9b,A,1512981461
448,user_388@itrec.com,user_388,5974f0a96162c25b4cdcb2925b65e57a10013604e0bf1e7336dd529933b2bb9b,A,1512981461
449,user_389@itrec.com,user_389,5974f0a96162c25b4cdcb2925b65e57a10013604e0bf1e7336dd529933b2bb9b,A,1512981461
450,user_390@itrec.com,user_390,5974f0a96162c25b4cdcb2925b65e57a10013604e0bf1e7336dd529933b2bb9b,A,1512981461
451,user_391@itrec.com,user_391,5974f0a96162c25b4cdcb2925b65e57a10013604e0bf1e7336dd529933b2bb9b,A,1512981461
452,user_392@itrec.com,user_392,5974f0a96162c25b4cdcb2925b65e57a10013604e0bf1e7336dd529933b2bb9b,A,1512981461
453,user_393@itrec.com,user_393,5974f0a96162c25b4cdcb2925b65e57a10013604e0bf1e7336dd529933b2bb9b,A,1512981461
454,user_394@itrec.com,user_394,5974f0a96162c25b4cdcb2925b65e57a10013604e0bf1e7336dd529933b2bb9b,A,1512981461
455,user_395@itrec.com,user_395,5974f0a96162c25b4cdcb2925b65e57a10013604e0bf1e7336dd529933b2bb9b,A,1512981461
456,user_396@itrec.com,user_396,5974f0a96162c25b4cdcb2925b65e57a10013604e0bf1e7336dd529933b2bb9b,A,1512981461
457,user_397@itrec.com,user_397,5974f0a96162c25b4cdcb2925b65e57a10013604e0bf1e7336dd529933b2bb9b,A,1512981461
458,user_398@itrec.com,user_398,5974f0a96162c25b4cdcb2925b65e57a10013604e0bf1e7336dd529933b2bb9b,A,1512981461
459,user_399@itrec.com,user_399,5974f0a96162c25b4cdcb2925b65e57a10013604e0bf1e7336dd529933b2bb9b,A,1512981461
460,user_400@itrec.com,user_400,5974f0a96162c25b4cdcb2925b65e57a10013604e0bf1e7336dd529933b2bb9b,A,1512981461
461,user_401@itrec.com,user_401,5974f0a96162c25b4cdcb2925b65e57a10013604e0bf1e7336dd529933b2bb9b,A,1512981461
463,user_402@itrec.com,user_402,5974f0a96162c25b4cdcb2925b65e57a10013604e0bf1e7336dd529933b2bb9b,A,1512981461
464,user_403@itrec.com,user_403,5974f0a96162c25b4cdcb2925b65e57a10013604e0bf1e7336dd529933b2bb9b,A,1512981461
465,user_404@itrec.com,user_404,5974f0a96162c25b4cdcb2925b65e57a10013604e0bf1e7336dd529933b2bb9b,A,1512981461
466,user_405@itrec.com,user_405,5974f0a96162c25b4cdcb2925b65e57a10013604e0bf1e7336dd529933b2bb9b,A,1512981461
467,user_406@itrec.com,user_406,5974f0a96162c25b4cdcb2925b65e57a10013604e0bf1e7336dd529933b2bb9b,A,1512981461
468,user_407@itrec.com,user_407,5974f0a96162c25b4cdcb2925b65e57a10013604e0bf1e7336dd529933b2bb9b,A,1512981461
469,user_408@itrec.com,user_408,5974f0a96162c25b4cdcb2925b65e57a10013604e0bf1e7336dd529933b2bb9b,A,1512981461
470,user_409@itrec.com,user_409,5974f0a96162c25b4cdcb2925b65e57a10013604e0bf1e7336dd529933b2bb9b,A,1512981461
471,user_410@itrec.com,user_410,5974f0a96162c25b4cdcb2925b65e57a10013604e0bf1e7336dd529933b2bb9b,A,1512981461
472,user_411@itrec.com,user_411,5974f0a96162c25b4cdcb2925b65e57a10013604e0bf1e7336dd529933b2bb9b,A,1512981461
473,user_412@itrec.com,user_412,5974f0a96162c25b4cdcb2925b65e57a10013604e0bf1e7336dd529933b2bb9b,A,1512981461
474,user_413@itrec.com,user_413,5974f0a96162c25b4cdcb2925b65e57a10013604e0bf1e7336dd529933b2bb9b,A,1512981461
475,user_414@itrec.com,user_414,5974f0a96162c25b4cdcb2925b65e57a10013604e0bf1e7336dd529933b2bb9b,A,1512981461
476,user_415@itrec.com,user_415,5974f0a96162c25b4cdcb2925b65e57a10013604e0bf1e7336dd529933b2bb9b,A,1512981461
477,user_416@itrec.com,user_416,5974f0a96162c25b4cdcb2925b65e57a10013604e0bf1e7336dd529933b2bb9b,A,1512981461
479,user_417@itrec.com,user_417,5974f0a96162c25b4cdcb2925b65e57a10013604e0bf1e7336dd529933b2bb9b,A,1512981461
480,user_418@itrec.com,user_418,5974f0a96162c25b4cdcb2925b65e57a10013604e0bf1e7336dd529933b2bb9b,A,1512981461
481,user_419@itrec.com,user_419,5974f0a96162c25b4cdcb2925b65e57a10013604e0bf1e7336dd529933b2bb9b,A,1512981461
482,user_420@itrec.com,user_420,5974f0a96162c25b4cdcb2925b65e57a10013604e0bf1e7336dd529933b2bb9b,A,1512981461
483,user_421@itrec.com,user_421,5974f0a96162c25b4cdcb2925b65e57a10013604e0bf1e7336dd529933b2bb9b,A,1512981461
484,user_422@itrec.com,user_422,5974f0a96162c25b4cdcb2925b65e57a10013604e0bf1e7336dd529933b2bb9b,A,1512981461
485,user_423@itrec.com,user_423,5974f0a96162c25b4cdcb2925b65e57a10013604e0bf1e7336dd529933b2bb9b,A,1512981461
486,user_424@itrec.com,user_424,5974f0a96162c25b4cdcb2925b65e57a10013604e0bf1e7336dd529933b2bb9b,A,1512981461
487,user_425@itrec.com,user_425,5974f0a96162c25b4cdcb2925b65e57a10013604e0bf1e7336dd529933b2bb9b,A,1512981461
488,user_426@itrec.com,user_426,5974f0a96162c25b4cdcb2925b65e57a10013604e0bf1e7336dd529933b2bb9b,A,1512981461
489,user_427@itrec.com,user_427,5974f0a96162c25b4cdcb2925b65e57a10013604e0bf1e7336dd529933b2bb9b,A,1512981461
490,user_428@itrec.com,user_428,5974f0a96162c25b4cdcb2925b65e57a10013604e0bf1e7336dd529933b2bb9b,A,1512981461
491,user_429@itrec.com,user_429,5974f0a96162c25b4cdcb2925b65e57a10013604e0bf1e7336dd529933b2bb9b,A,1512981461
492,user_430@itrec.com,user_430,5974f0a96162c25b4cdcb2925b65e57a10013604e0bf1e7336dd529933b2bb9b,A,1512981461
493,user_431@itrec.com,user_431,5974f0a96162c25b4cdcb2925b65e57a10013604e0bf1e7336dd529933b2bb9b,A,1512981461
494,user_432@itrec.com,user_432,5974f0a96162c25b4cdcb2925b65e57a10013604e0bf1e7336dd529933b2bb9b,A,1512981461
495,user_433@itrec.com,user_433,5974f0a96162c25b4cdcb2925b65e57a10013604e0bf1e7336dd529933b2bb9b,A,1512981461
496,user_434@itrec.com,user_434,5974f0a96162c25b4cdcb2925b65e57a10013604e0bf1e7336dd529933b2bb9b,A,1512981461
497,user_435@itrec.com,user_435,5974f0a96162c25b4cdcb2925b65e57a10013604e0bf1e7336dd529933b2bb9b,A,1512981461
498,user_436@itrec.com,user_436,5974f0a96162c25b4cdcb2925b65e57a10013604e0bf1e7336dd529933b2bb9b,A,1512981461
499,user_437@itrec.com,user_437,5974f0a96162c25b4cdcb2925b65e57a10013604e0bf1e7336dd529933b2bb9b,A,1512981461
500,user_438@itrec.com,user_438,5974f0a96162c25b4cdcb2925b65e57a10013604e0bf1e7336dd529933b2bb9b,A,1512981461
501,user_439@itrec.com,user_439,5974f0a96162c25b4cdcb2925b65e57a10013604e0bf1e7336dd529933b2bb9b,A,1512981461
502,user_440@itrec.com,user_440,5974f0a96162c25b4cdcb2925b65e57a10013604e0bf1e7336dd529933b2bb9b,A,1512981461
504,user_441@itrec.com,user_441,5974f0a96162c25b4cdcb2925b65e57a10013604e0bf1e7336dd529933b2bb9b,A,1512981461
505,user_442@itrec.com,user_442,5974f0a96162c25b4cdcb2925b65e57a10013604e0bf1e7336dd529933b2bb9b,A,1512981461
506,user_443@itrec.com,user_443,5974f0a96162c25b4cdcb2925b65e57a10013604e0bf1e7336dd529933b2bb9b,A,1512981461
507,user_444@itrec.com,user_444,5974f0a96162c25b4cdcb2925b65e57a10013604e0bf1e7336dd529933b2bb9b,A,1512981461
508,user_445@itrec.com,user_445,5974f0a96162c25b4cdcb2925b65e57a10013604e0bf1e7336dd529933b2bb9b,A,1512981461
509,user_446@itrec.com,user_446,5974f0a96162c25b4cdcb2925b65e57a10013604e0bf1e7336dd529933b2bb9b,A,1512981461
510,user_447@itrec.com,user_447,5974f0a96162c25b4cdcb2925b65e57a10013604e0bf1e7336dd529933b2bb9b,A,1512981461
511,user_448@itrec.com,user_448,5974f0a96162c25b4cdcb2925b65e57a10013604e0bf1e7336dd529933b2bb9b,A,1512981461
512,user_449@itrec.com,user_449,5974f0a96162c25b4cdcb2925b65e57a10013604e0bf1e7336dd529933b2bb9b,A,1512981461
513,user_450@itrec.com,user_450,5974f0a96162c25b4cdcb2925b65e57a10013604e0bf1e7336dd529933b2bb9b,A,1512981461
514,user_451@itrec.com,user_451,5974f0a96162c25b4cdcb2925b65e57a10013604e0bf1e7336dd529933b2bb9b,A,1512981461
515,user_452@itrec.com,user_452,5974f0a96162c25b4cdcb2925b65e57a10013604e0bf1e7336dd529933b2bb9b,A,1512981461
516,user_453@itrec.com,user_453,5974f0a96162c25b4cdcb2925b65e57a10013604e0bf1e7336dd529933b2bb9b,A,1512981461
517,user_454@itrec.com,user_454,5974f0a96162c25b4cdcb2925b65e57a10013604e0bf1e7336dd529933b2bb9b,A,1512981461
518,user_455@itrec.com,user_455,5974f0a96162c25b4cdcb2925b65e57a10013604e0bf1e7336dd529933b2bb9b,A,1512981461
519,user_456@itrec.com,user_456,5974f0a96162c25b4cdcb2925b65e57a10013604e0bf1e7336dd529933b2bb9b,A,1512981461
520,user_457@itrec.com,user_457,5974f0a96162c25b4cdcb2925b65e57a10013604e0bf1e7336dd529933b2bb9b,A,1512981461
521,user_458@itrec.com,user_458,5974f0a96162c25b4cdcb2925b65e57a10013604e0bf1e7336dd529933b2bb9b,A,1512981461
522,user_459@itrec.com,user_459,5974f0a96162c25b4cdcb2925b65e57a10013604e0bf1e7336dd529933b2bb9b,A,1512981461
523,user_460@itrec.com,user_460,5974f0a96162c25b4cdcb2925b65e57a10013604e0bf1e7336dd529933b2bb9b,A,1512981461
524,user_461@itrec.com,user_461,5974f0a96162c25b4cdcb2925b65e57a10013604e0bf1e7336dd529933b2bb9b,A,1512981461
526,user_462@itrec.com,user_462,5974f0a96162c25b4cdcb2925b65e57a10013604e0bf1e7336dd529933b2bb9b,A,1512981461
527,user_463@itrec.com,user_463,5974f0a96162c25b4cdcb2925b65e57a10013604e0bf1e7336dd529933b2bb9b,A,1512981461
528,user_464@itrec.com,user_464,5974f0a96162c25b4cdcb2925b65e57a10013604e0bf1e7336dd529933b2bb9b,A,1512981461
529,user_465@itrec.com,user_465,5974f0a96162c25b4cdcb2925b65e57a10013604e0bf1e7336dd529933b2bb9b,A,1512981461
531,user_466@itrec.com,user_466,5974f0a96162c25b4cdcb2925b65e57a10013604e0bf1e7336dd529933b2bb9b,A,1512981461
532,user_467@itrec.com,user_467,5974f0a96162c25b4cdcb2925b65e57a10013604e0bf1e7336dd529933b2bb9b,A,1512981461
533,user_468@itrec.com,user_468,5974f0a96162c25b4cdcb2925b65e57a10013604e0bf1e7336dd529933b2bb9b,A,1512981461
534,user_469@itrec.com,user_469,5974f0a96162c25b4cdcb2925b65e57a10013604e0bf1e7336dd529933b2bb9b,A,1512981461
535,user_470@itrec.com,user_470,5974f0a96162c25b4cdcb2925b65e57a10013604e0bf1e7336dd529933b2bb9b,A,1512981461
536,user_471@itrec.com,user_471,5974f0a96162c25b4cdcb2925b65e57a10013604e0bf1e7336dd529933b2bb9b,A,1512981461
537,user_472@itrec.com,user_472,5974f0a96162c25b4cdcb2925b65e57a10013604e0bf1e7336dd529933b2bb9b,A,1512981461
538,user_473@itrec.com,user_473,5974f0a96162c25b4cdcb2925b65e57a10013604e0bf1e7336dd529933b2bb9b,A,1512981461
539,user_474@itrec.com,user_474,5974f0a96162c25b4cdcb2925b65e57a10013604e0bf1e7336dd529933b2bb9b,A,1512981461
540,user_475@itrec.com,user_475,5974f0a96162c25b4cdcb2925b65e57a10013604e0bf1e7336dd529933b2bb9b,A,1512981461
541,user_476@itrec.com,user_476,5974f0a96162c25b4cdcb2925b65e57a10013604e0bf1e7336dd529933b2bb9b,A,1512981461
542,user_477@itrec.com,user_477,5974f0a96162c25b4cdcb2925b65e57a10013604e0bf1e7336dd529933b2bb9b,A,1512981461
543,user_478@itrec.com,user_478,5974f0a96162c25b4cdcb2925b65e57a10013604e0bf1e7336dd529933b2bb9b,A,1512981461
544,user_479@itrec.com,user_479,5974f0a96162c25b4cdcb2925b65e57a10013604e0bf1e7336dd529933b2bb9b,A,1512981461
546,user_480@itrec.com,user_480,5974f0a96162c25b4cdcb2925b65e57a10013604e0bf1e7336dd529933b2bb9b,A,1512981461
547,user_481@itrec.com,user_481,5974f0a96162c25b4cdcb2925b65e57a10013604e0bf1e7336dd529933b2bb9b,A,1512981461
548,user_482@itrec.com,user_482,5974f0a96162c25b4cdcb2925b65e57a10013604e0bf1e7336dd529933b2bb9b,A,1512981461
549,user_483@itrec.com,user_483,5974f0a96162c25b4cdcb2925b65e57a10013604e0bf1e7336dd529933b2bb9b,A,1512981461
550,user_484@itrec.com,user_484,5974f0a96162c25b4cdcb2925b65e57a10013604e0bf1e7336dd529933b2bb9b,A,1512981461
551,user_485@itrec.com,user_485,5974f0a96162c25b4cdcb2925b65e57a10013604e0bf1e7336dd529933b2bb9b,A,1512981461
552,user_486@itrec.com,user_486,5974f0a96162c25b4cdcb2925b65e57a10013604e0bf1e7336dd529933b2bb9b,A,1512981461
553,user_487@itrec.com,user_487,5974f0a96162c25b4cdcb2925b65e57a10013604e0bf1e7336dd529933b2bb9b,A,1512981461
554,user_488@itrec.com,user_488,5974f0a96162c25b4cdcb2925b65e57a10013604e0bf1e7336dd529933b2bb9b,A,1512981461
555,user_489@itrec.com,user_489,5974f0a96162c25b4cdcb2925b65e57a10013604e0bf1e7336dd529933b2bb9b,A,1512981461
556,user_490@itrec.com,user_490,5974f0a96162c25b4cdcb2925b65e57a10013604e0bf1e7336dd529933b2bb9b,A,1512981461
558,user_491@itrec.com,user_491,5974f0a96162c25b4cdcb2925b65e57a10013604e0bf1e7336dd529933b2bb9b,A,1512981461
559,user_492@itrec.com,user_492,5974f0a96162c25b4cdcb2925b65e57a10013604e0bf1e7336dd529933b2bb9b,A,1512981461
561,user_493@itrec.com,user_493,5974f0a96162c25b4cdcb2925b65e57a10013604e0bf1e7336dd529933b2bb9b,A,1512981461
562,user_494@itrec.com,user_494,5974f0a96162c25b4cdcb2925b65e57a10013604e0bf1e7336dd529933b2bb9b,A,1512981461
563,user_495@itrec.com,user_495,5974f0a96162c25b4cdcb2925b65e57a10013604e0bf1e7336dd529933b2bb9b,A,1512981461
564,user_496@itrec.com,user_496,5974f0a96162c25b4cdcb2925b65e57a10013604e0bf1e7336dd529933b2bb9b,A,1512981461
565,user_497@itrec.com,user_497,5974f0a96162c25b4cdcb2925b65e57a10013604e0bf1e7336dd529933b2bb9b,A,1512981461
567,user_498@itrec.com,user_498,5974f0a96162c25b4cdcb2925b65e57a10013604e0bf1e7336dd529933b2bb9b,A,1512981461
568,user_499@itrec.com,user_499,5974f0a96162c25b4cdcb2925b65e57a10013604e0bf1e7336dd529933b2bb9b,A,1512981461
569,user_500@itrec.com,user_500,5974f0a96162c25b4cdcb2925b65e57a10013604e0bf1e7336dd529933b2bb9b,A,1512981461
571,user_501@itrec.com,user_501,5974f0a96162c25b4cdcb2925b65e57a10013604e0bf1e7336dd529933b2bb9b,A,1512981461
573,user_502@itrec.com,user_502,5974f0a96162c25b4cdcb2925b65e57a10013604e0bf1e7336dd529933b2bb9b,A,1512981461
574,user_503@itrec.com,user_503,5974f0a96162c25b4cdcb2925b65e57a10013604e0bf1e7336dd529933b2bb9b,A,1512981461
575,user_504@itrec.com,user_504,5974f0a96162c25b4cdcb2925b65e57a10013604e0bf1e7336dd529933b2bb9b,A,1512981461
577,user_505@itrec.com,user_505,5974f0a96162c25b4cdcb2925b65e57a10013604e0bf1e7336dd529933b2bb9b,A,1512981461
580,user_506@itrec.com,user_506,5974f0a96162c25b4cdcb2925b65e57a10013604e0bf1e7336dd529933b2bb9b,A,1512981461
581,user_507@itrec.com,user_507,5974f0a96162c25b4cdcb2925b65e57a10013604e0bf1e7336dd529933b2bb9b,A,1512981461
582,user_508@itrec.com,user_508,5974f0a96162c25b4cdcb2925b65e57a10013604e0bf1e7336dd529933b2bb9b,A,1512981461
585,user_509@itrec.com,user_509,5974f0a96162c25b4cdcb2925b65e57a10013604e0bf1e7336dd529933b2bb9b,A,1512981461
586,user_510@itrec.com,user_510,5974f0a96162c25b4cdcb2925b65e57a10013604e0bf1e7336dd529933b2bb9b,A,1512981461
587,user_511@itrec.com,user_511,5974f0a96162c25b4cdcb2925b65e57a10013604e0bf1e7336dd529933b2bb9b,A,1512981461
588,user_512@itrec.com,user_512,5974f0a96162c25b4cdcb2925b65e57a10013604e0bf1e7336dd529933b2bb9b,A,1512981461
589,user_513@itrec.com,user_513,5974f0a96162c25b4cdcb2925b65e57a10013604e0bf1e7336dd529933b2bb9b,A,1512981461
590,user_514@itrec.com,user_514,5974f0a96162c25b4cdcb2925b65e57a10013604e0bf1e7336dd529933b2bb9b,A,1512981461
592,user_515@itrec.com,user_515,5974f0a96162c25b4cdcb2925b65e57a10013604e0bf1e7336dd529933b2bb9b,A,1512981461
593,user_516@itrec.com,user_516,5974f0a96162c25b4cdcb2925b65e57a10013604e0bf1e7336dd529933b2bb9b,A,1512981461
594,user_517@itrec.com,user_517,5974f0a96162c25b4cdcb2925b65e57a10013604e0bf1e7336dd529933b2bb9b,A,1512981461
595,user_518@itrec.com,user_518,5974f0a96162c25b4cdcb2925b65e57a10013604e0bf1e7336dd529933b2bb9b,A,1512981461
596,user_519@itrec.com,user_519,5974f0a96162c25b4cdcb2925b65e57a10013604e0bf1e7336dd529933b2bb9b,A,1512981461
597,user_520@itrec.com,user_520,5974f0a96162c25b4cdcb2925b65e57a10013604e0bf1e7336dd529933b2bb9b,A,1512981461
599,user_521@itrec.com,user_521,5974f0a96162c25b4cdcb2925b65e57a10013604e0bf1e7336dd529933b2bb9b,A,1512981461
600,user_522@itrec.com,user_522,5974f0a96162c25b4cdcb2925b65e57a10013604e0bf1e7336dd529933b2bb9b,A,1512981461
603,user_523@itrec.com,user_523,5974f0a96162c25b4cdcb2925b65e57a10013604e0bf1e7336dd529933b2bb9b,A,1512981461
605,user_524@itrec.com,user_524,5974f0a96162c25b4cdcb2925b65e57a10013604e0bf1e7336dd529933b2bb9b,A,1512981461
606,user_525@itrec.com,user_525,5974f0a96162c25b4cdcb2925b65e57a10013604e0bf1e7336dd529933b2bb9b,A,1512981461
608,user_526@itrec.com,user_526,5974f0a96162c25b4cdcb2925b65e57a10013604e0bf1e7336dd529933b2bb9b,A,1512981461
609,user_527@itrec.com,user_527,5974f0a96162c25b4cdcb2925b65e57a10013604e0bf1e7336dd529933b2bb9b,A,1512981461
610,user_528@itrec.com,user_528,5974f0a96162c25b4cdcb2925b65e57a10013604e0bf1e7336dd529933b2bb9b,A,1512981461
611,user_529@itrec.com,user_529,5974f0a96162c25b4cdcb2925b65e57a10013604e0bf1e7336dd529933b2bb9b,A,1512981461
612,user_530@itrec.com,user_530,5974f0a96162c25b4cdcb2925b65e57a10013604e0bf1e7336dd529933b2bb9b,A,1512981461
613,user_531@itrec.com,user_531,5974f0a96162c25b4cdcb2925b65e57a10013604e0bf1e7336dd529933b2bb9b,A,1512981461
614,user_532@itrec.com,user_532,5974f0a96162c25b4cdcb2925b65e57a10013604e0bf1e7336dd529933b2bb9b,A,1512981461
615,user_533@itrec.com,user_533,5974f0a96162c25b4cdcb2925b65e57a10013604e0bf1e7336dd529933b2bb9b,A,1512981461
616,user_534@itrec.com,user_534,5974f0a96162c25b4cdcb2925b65e57a10013604e0bf1e7336dd529933b2bb9b,A,1512981461
617,user_535@itrec.com,user_535,5974f0a96162c25b4cdcb2925b65e57a10013604e0bf1e7336dd529933b2bb9b,A,1512981461
619,user_536@itrec.com,user_536,5974f0a96162c25b4cdcb2925b65e57a10013604e0bf1e7336dd529933b2bb9b,A,1512981461
620,user_537@itrec.com,user_537,5974f0a96162c25b4cdcb2925b65e57a10013604e0bf1e7336dd529933b2bb9b,A,1512981461
621,user_538@itrec.com,user_538,5974f0a96162c25b4cdcb2925b65e57a10013604e0bf1e7336dd529933b2bb9b,A,1512981461
626,user_539@itrec.com,user_539,5974f0a96162c25b4cdcb2925b65e57a10013604e0bf1e7336dd529933b2bb9b,A,1512981461
627,user_540@itrec.com,user_540,5974f0a96162c25b4cdcb2925b65e57a10013604e0bf1e7336dd529933b2bb9b,A,1512981461
628,user_541@itrec.com,user_541,5974f0a96162c25b4cdcb2925b65e57a10013604e0bf1e7336dd529933b2bb9b,A,1512981461
630,user_542@itrec.com,user_542,5974f0a96162c25b4cdcb2925b65e57a10013604e0bf1e7336dd529933b2bb9b,A,1512981461
631,user_543@itrec.com,user_543,5974f0a96162c25b4cdcb2925b65e57a10013604e0bf1e7336dd529933b2bb9b,A,1512981461
632,user_544@itrec.com,user_544,5974f0a96162c25b4cdcb2925b65e57a10013604e0bf1e7336dd529933b2bb9b,A,1512981461
633,user_545@itrec.com,user_545,5974f0a96162c25b4cdcb2925b65e57a10013604e0bf1e7336dd529933b2bb9b,A,1512981461
635,user_546@itrec.com,user_546,5974f0a96162c25b4cdcb2925b65e57a10013604e0bf1e7336dd529933b2bb9b,A,1512981461
637,user_547@itrec.com,user_547,5974f0a96162c25b4cdcb2925b65e57a10013604e0bf1e7336dd529933b2bb9b,A,1512981461
638,user_548@itrec.com,user_548,5974f0a96162c25b4cdcb2925b65e57a10013604e0bf1e7336dd529933b2bb9b,A,1512981461
639,user_549@itrec.com,user_549,5974f0a96162c25b4cdcb2925b65e57a10013604e0bf1e7336dd529933b2bb9b,A,1512981461
640,user_550@itrec.com,user_550,5974f0a96162c25b4cdcb2925b65e57a10013604e0bf1e7336dd529933b2bb9b,A,1512981461
647,user_551@itrec.com,user_551,5974f0a96162c25b4cdcb2925b65e57a10013604e0bf1e7336dd529933b2bb9b,A,1512981461
648,user_552@itrec.com,user_552,5974f0a96162c25b4cdcb2925b65e57a10013604e0bf1e7336dd529933b2bb9b,A,1512981461
650,user_553@itrec.com,user_553,5974f0a96162c25b4cdcb2925b65e57a10013604e0bf1e7336dd529933b2bb9b,A,1512981461
651,user_554@itrec.com,user_554,5974f0a96162c25b4cdcb2925b65e57a10013604e0bf1e7336dd529933b2bb9b,A,1512981461
653,user_555@itrec.com,user_555,5974f0a96162c25b4cdcb2925b65e57a10013604e0bf1e7336dd529933b2bb9b,A,1512981461
656,user_556@itrec.com,user_556,5974f0a96162c25b4cdcb2925b65e57a10013604e0bf1e7336dd529933b2bb9b,A,1512981461
659,user_557@itrec.com,user_557,5974f0a96162c25b4cdcb2925b65e57a10013604e0bf1e7336dd529933b2bb9b,A,1512981461
661,user_558@itrec.com,user_558,5974f0a96162c25b4cdcb2925b65e57a10013604e0bf1e7336dd529933b2bb9b,A,1512981461
662,user_559@itrec.com,user_559,5974f0a96162c25b4cdcb2925b65e57a10013604e0bf1e7336dd529933b2bb9b,A,1512981461
663,user_560@itrec.com,user_560,5974f0a96162c25b4cdcb2925b65e57a10013604e0bf1e7336dd529933b2bb9b,A,1512981461
664,user_561@itrec.com,user_561,5974f0a96162c25b4cdcb2925b65e57a10013604e0bf1e7336dd529933b2bb9b,A,1512981461
665,user_562@itrec.com,user_562,5974f0a96162c25b4cdcb2925b65e57a10013604e0bf1e7336dd529933b2bb9b,A,1512981461
667,user_563@itrec.com,user_563,5974f0a96162c25b4cdcb2925b65e57a10013604e0bf1e7336dd529933b2bb9b,A,1512981461
668,user_564@itrec.com,user_564,5974f0a96162c25b4cdcb2925b65e57a10013604e0bf1e7336dd529933b2bb9b,A,1512981461
670,user_565@itrec.com,user_565,5974f0a96162c25b4cdcb2925b65e57a10013604e0bf1e7336dd529933b2bb9b,A,1512981461
671,user_566@itrec.com,user_566,5974f0a96162c25b4cdcb2925b65e57a10013604e0bf1e7336dd529933b2bb9b,A,1512981461
673,user_567@itrec.com,user_567,5974f0a96162c25b4cdcb2925b65e57a10013604e0bf1e7336dd529933b2bb9b,A,1512981461
674,user_568@itrec.com,user_568,5974f0a96162c25b4cdcb2925b65e57a10013604e0bf1e7336dd529933b2bb9b,A,1512981461
678,user_569@itrec.com,user_569,5974f0a96162c25b4cdcb2925b65e57a10013604e0bf1e7336dd529933b2bb9b,A,1512981461
679,user_570@itrec.com,user_570,5974f0a96162c25b4cdcb2925b65e57a10013604e0bf1e7336dd529933b2bb9b,A,1512981461
680,user_571@itrec.com,user_571,5974f0a96162c25b4cdcb2925b65e57a10013604e0bf1e7336dd529933b2bb9b,A,1512981461
681,user_572@itrec.com,user_572,5974f0a96162c25b4cdcb2925b65e57a10013604e0bf1e7336dd529933b2bb9b,A,1512981461
685,user_573@itrec.com,user_573,5974f0a96162c25b4cdcb2925b65e57a10013604e0bf1e7336dd529933b2bb9b,A,1512981461
687,user_574@itrec.com,user_574,5974f0a96162c25b4cdcb2925b65e57a10013604e0bf1e7336dd529933b2bb9b,A,1512981461
688,user_575@itrec.com,user_575,5974f0a96162c25b4cdcb2925b65e57a10013604e0bf1e7336dd529933b2bb9b,A,1512981461
690,user_576@itrec.com,user_576,5974f0a96162c25b4cdcb2925b65e57a10013604e0bf1e7336dd529933b2bb9b,A,1512981461
691,user_577@itrec.com,user_577,5974f0a96162c25b4cdcb2925b65e57a10013604e0bf1e7336dd529933b2bb9b,A,1512981461
692,user_578@itrec.com,user_578,5974f0a96162c25b4cdcb2925b65e57a10013604e0bf1e7336dd529933b2bb9b,A,1512981461
694,user_579@itrec.com,user_579,5974f0a96162c25b4cdcb2925b65e57a10013604e0bf1e7336dd529933b2bb9b,A,1512981461
695,user_580@itrec.com,user_580,5974f0a96162c25b4cdcb2925b65e57a10013604e0bf1e7336dd529933b2bb9b,A,1512981461
696,user_581@itrec.com,user_581,5974f0a96162c25b4cdcb2925b65e57a10013604e0bf1e7336dd529933b2bb9b,A,1512981461
697,user_582@itrec.com,user_582,5974f0a96162c25b4cdcb2925b65e57a10013604e0bf1e7336dd529933b2bb9b,A,1512981461
698,user_583@itrec.com,user_583,5974f0a96162c25b4cdcb2925b65e57a10013604e0bf1e7336dd529933b2bb9b,A,1512981461
700,user_584@itrec.com,user_584,5974f0a96162c25b4cdcb2925b65e57a10013604e0bf1e7336dd529933b2bb9b,A,1512981461
702,user_585@itrec.com,user_585,5974f0a96162c25b4cdcb2925b65e57a10013604e0bf1e7336dd529933b2bb9b,A,1512981461
703,user_586@itrec.com,user_586,5974f0a96162c25b4cdcb2925b65e57a10013604e0bf1e7336dd529933b2bb9b,A,1512981461
704,user_587@itrec.com,user_587,5974f0a96162c25b4cdcb2925b65e57a10013604e0bf1e7336dd529933b2bb9b,A,1512981461
705,user_588@itrec.com,user_588,5974f0a96162c25b4cdcb2925b65e57a10013604e0bf1e7336dd529933b2bb9b,A,1512981461
707,user_589@itrec.com,user_589,5974f0a96162c25b4cdcb2925b65e57a10013604e0bf1e7336dd529933b2bb9b,A,1512981461
708,user_590@itrec.com,user_590,5974f0a96162c25b4cdcb2925b65e57a10013604e0bf1e7336dd529933b2bb9b,A,1512981461
709,user_591@itrec.com,user_591,5974f0a96162c25b4cdcb2925b65e57a10013604e0bf1e7336dd529933b2bb9b,A,1512981461
710,user_592@itrec.com,user_592,5974f0a96162c25b4cdcb2925b65e57a10013604e0bf1e7336dd529933b2bb9b,A,1512981461
711,user_593@itrec.com,user_593,5974f0a96162c25b4cdcb2925b65e57a10013604e0bf1e7336dd529933b2bb9b,A,1512981461
714,user_594@itrec.com,user_594,5974f0a96162c25b4cdcb2925b65e57a10013604e0bf1e7336dd529933b2bb9b,A,1512981461
715,user_595@itrec.com,user_595,5974f0a96162c25b4cdcb2925b65e57a10013604e0bf1e7336dd529933b2bb9b,A,1512981461
718,user_596@itrec.com,user_596,5974f0a96162c25b4cdcb2925b65e57a10013604e0bf1e7336dd529933b2bb9b,A,1512981461
719,user_597@itrec.com,user_597,5974f0a96162c25b4cdcb2925b65e57a10013604e0bf1e7336dd529933b2bb9b,A,1512981461
720,user_598@itrec.com,user_598,5974f0a96162c25b4cdcb2925b65e57a10013604e0bf1e7336dd529933b2bb9b,A,1512981461
721,user_599@itrec.com,user_599,5974f0a96162c25b4cdcb2925b65e57a10013604e0bf1e7336dd529933b2bb9b,A,1512981461
722,user_600@itrec.com,user_600,5974f0a96162c25b4cdcb2925b65e57a10013604e0bf1e7336dd529933b2bb9b,A,1512981461
724,user_601@itrec.com,user_601,5974f0a96162c25b4cdcb2925b65e57a10013604e0bf1e7336dd529933b2bb9b,A,1512981461
725,user_602@itrec.com,user_602,5974f0a96162c25b4cdcb2925b65e57a10013604e0bf1e7336dd529933b2bb9b,A,1512981461
726,user_603@itrec.com,user_603,5974f0a96162c25b4cdcb2925b65e57a10013604e0bf1e7336dd529933b2bb9b,A,1512981461
728,user_604@itrec.com,user_604,5974f0a96162c25b4cdcb2925b65e57a10013604e0bf1e7336dd529933b2bb9b,A,1512981461
731,user_605@itrec.com,user_605,5974f0a96162c25b4cdcb2925b65e57a10013604e0bf1e7336dd529933b2bb9b,A,1512981461
733,user_606@itrec.com,user_606,5974f0a96162c25b4cdcb2925b65e57a10013604e0bf1e7336dd529933b2bb9b,A,1512981461
735,user_607@itrec.com,user_607,5974f0a96162c25b4cdcb2925b65e57a10013604e0bf1e7336dd529933b2bb9b,A,1512981461
736,user_608@itrec.com,user_608,5974f0a96162c25b4cdcb2925b65e57a10013604e0bf1e7336dd529933b2bb9b,A,1512981461
737,user_609@itrec.com,user_609,5974f0a96162c25b4cdcb2925b65e57a10013604e0bf1e7336dd529933b2bb9b,A,1512981461
741,user_610@itrec.com,user_610,5974f0a96162c25b4cdcb2925b65e57a10013604e0bf1e7336dd529933b2bb9b,A,1512981461
742,user_611@itrec.com,user_611,5974f0a96162c25b4cdcb2925b65e57a10013604e0bf1e7336dd529933b2bb9b,A,1512981461
743,user_612@itrec.com,user_612,5974f0a96162c25b4cdcb2925b65e57a10013604e0bf1e7336dd529933b2bb9b,A,1512981461
745,user_613@itrec.com,user_613,5974f0a96162c25b4cdcb2925b65e57a10013604e0bf1e7336dd529933b2bb9b,A,1512981461
746,user_614@itrec.com,user_614,5974f0a96162c25b4cdcb2925b65e57a10013604e0bf1e7336dd529933b2bb9b,A,1512981461
747,user_615@itrec.com,user_615,5974f0a96162c25b4cdcb2925b65e57a10013604e0bf1e7336dd529933b2bb9b,A,1512981461
748,user_616@itrec.com,user_616,5974f0a96162c25b4cdcb2925b65e57a10013604e0bf1e7336dd529933b2bb9b,A,1512981461
750,user_617@itrec.com,user_617,5974f0a96162c25b4cdcb2925b65e57a10013604e0bf1e7336dd529933b2bb9b,A,1512981461
753,user_618@itrec.com,user_618,5974f0a96162c25b4cdcb2925b65e57a10013604e0bf1e7336dd529933b2bb9b,A,1512981461
754,user_619@itrec.com,user_619,5974f0a96162c25b4cdcb2925b65e57a10013604e0bf1e7336dd529933b2bb9b,A,1512981461
755,user_620@itrec.com,user_620,5974f0a96162c25b4cdcb2925b65e57a10013604e0bf1e7336dd529933b2bb9b,A,1512981461
756,user_621@itrec.com,user_621,5974f0a96162c25b4cdcb2925b65e57a10013604e0bf1e7336dd529933b2bb9b,A,1512981461
757,user_622@itrec.com,user_622,5974f0a96162c25b4cdcb2925b65e57a10013604e0bf1e7336dd529933b2bb9b,A,1512981461
759,user_623@itrec.com,user_623,5974f0a96162c25b4cdcb2925b65e57a10013604e0bf1e7336dd529933b2bb9b,A,1512981461
760,user_624@itrec.com,user_624,5974f0a96162c25b4cdcb2925b65e57a10013604e0bf1e7336dd529933b2bb9b,A,1512981461
761,user_625@itrec.com,user_625,5974f0a96162c25b4cdcb2925b65e57a10013604e0bf1e7336dd529933b2bb9b,A,1512981461
762,user_626@itrec.com,user_626,5974f0a96162c25b4cdcb2925b65e57a10013604e0bf1e7336dd529933b2bb9b,A,1512981461
764,user_627@itrec.com,user_627,5974f0a96162c25b4cdcb2925b65e57a10013604e0bf1e7336dd529933b2bb9b,A,1512981461
765,user_628@itrec.com,user_628,5974f0a96162c25b4cdcb2925b65e57a10013604e0bf1e7336dd529933b2bb9b,A,1512981461
766,user_629@itrec.com,user_629,5974f0a96162c25b4cdcb2925b65e57a10013604e0bf1e7336dd529933b2bb9b,A,1512981461
767,user_630@itrec.com,user_630,5974f0a96162c25b4cdcb2925b65e57a10013604e0bf1e7336dd529933b2bb9b,A,1512981461
769,user_631@itrec.com,user_631,5974f0a96162c25b4cdcb2925b65e57a10013604e0bf1e7336dd529933b2bb9b,A,1512981461
775,user_632@itrec.com,user_632,5974f0a96162c25b4cdcb2925b65e57a10013604e0bf1e7336dd529933b2bb9b,A,1512981461
778,user_633@itrec.com,user_633,5974f0a96162c25b4cdcb2925b65e57a10013604e0bf1e7336dd529933b2bb9b,A,1512981461
779,user_634@itrec.com,user_634,5974f0a96162c25b4cdcb2925b65e57a10013604e0bf1e7336dd529933b2bb9b,A,1512981461
780,user_635@itrec.com,user_635,5974f0a96162c25b4cdcb2925b65e57a10013604e0bf1e7336dd529933b2bb9b,A,1512981461
781,user_636@itrec.com,user_636,5974f0a96162c25b4cdcb2925b65e57a10013604e0bf1e7336dd529933b2bb9b,A,1512981461
782,user_637@itrec.com,user_637,5974f0a96162c25b4cdcb2925b65e57a10013604e0bf1e7336dd529933b2bb9b,A,1512981461
783,user_638@itrec.com,user_638,5974f0a96162c25b4cdcb2925b65e57a10013604e0bf1e7336dd529933b2bb9b,A,1512981461
784,user_639@itrec.com,user_639,5974f0a96162c25b4cdcb2925b65e57a10013604e0bf1e7336dd529933b2bb9b,A,1512981461
785,user_640@itrec.com,user_640,5974f0a96162c25b4cdcb2925b65e57a10013604e0bf1e7336dd529933b2bb9b,A,1512981461
786,user_641@itrec.com,user_641,5974f0a96162c25b4cdcb2925b65e57a10013604e0bf1e7336dd529933b2bb9b,A,1512981461
787,user_642@itrec.com,user_642,5974f0a96162c25b4cdcb2925b65e57a10013604e0bf1e7336dd529933b2bb9b,A,1512981461
788,user_643@itrec.com,user_643,5974f0a96162c25b4cdcb2925b65e57a10013604e0bf1e7336dd529933b2bb9b,A,1512981461
793,user_644@itrec.com,user_644,5974f0a96162c25b4cdcb2925b65e57a10013604e0bf1e7336dd529933b2bb9b,A,1512981461
798,user_645@itrec.com,user_645,5974f0a96162c25b4cdcb2925b65e57a10013604e0bf1e7336dd529933b2bb9b,A,1512981461
799,user_646@itrec.com,user_646,5974f0a96162c25b4cdcb2925b65e57a10013604e0bf1e7336dd529933b2bb9b,A,1512981461
800,user_647@itrec.com,user_647,5974f0a96162c25b4cdcb2925b65e57a10013604e0bf1e7336dd529933b2bb9b,A,1512981461
801,user_648@itrec.com,user_648,5974f0a96162c25b4cdcb2925b65e57a10013604e0bf1e7336dd529933b2bb9b,A,1512981461
802,user_649@itrec.com,user_649,5974f0a96162c25b4cdcb2925b65e57a10013604e0bf1e7336dd529933b2bb9b,A,1512981461
803,user_650@itrec.com,user_650,5974f0a96162c25b4cdcb2925b65e57a10013604e0bf1e7336dd529933b2bb9b,A,1512981461
804,user_651@itrec.com,user_651,5974f0a96162c25b4cdcb2925b65e57a10013604e0bf1e7336dd529933b2bb9b,A,1512981461
805,user_652@itrec.com,user_652,5974f0a96162c25b4cdcb2925b65e57a10013604e0bf1e7336dd529933b2bb9b,A,1512981461
806,user_653@itrec.com,user_653,5974f0a96162c25b4cdcb2925b65e57a10013604e0bf1e7336dd529933b2bb9b,A,1512981461
808,user_654@itrec.com,user_654,5974f0a96162c25b4cdcb2925b65e57a10013604e0bf1e7336dd529933b2bb9b,A,1512981461
809,user_655@itrec.com,user_655,5974f0a96162c25b4cdcb2925b65e57a10013604e0bf1e7336dd529933b2bb9b,A,1512981461
810,user_656@itrec.com,user_656,5974f0a96162c25b4cdcb2925b65e57a10013604e0bf1e7336dd529933b2bb9b,A,1512981461
813,user_657@itrec.com,user_657,5974f0a96162c25b4cdcb2925b65e57a10013604e0bf1e7336dd529933b2bb9b,A,1512981461
816,user_658@itrec.com,user_658,5974f0a96162c25b4cdcb2925b65e57a10013604e0bf1e7336dd529933b2bb9b,A,1512981461
818,user_659@itrec.com,user_659,5974f0a96162c25b4cdcb2925b65e57a10013604e0bf1e7336dd529933b2bb9b,A,1512981461
820,user_660@itrec.com,user_660,5974f0a96162c25b4cdcb2925b65e57a10013604e0bf1e7336dd529933b2bb9b,A,1512981461
824,user_661@itrec.com,user_661,5974f0a96162c25b4cdcb2925b65e57a10013604e0bf1e7336dd529933b2bb9b,A,1512981461
828,user_662@itrec.com,user_662,5974f0a96162c25b4cdcb2925b65e57a10013604e0bf1e7336dd529933b2bb9b,A,1512981461
829,user_663@itrec.com,user_663,5974f0a96162c25b4cdcb2925b65e57a10013604e0bf1e7336dd529933b2bb9b,A,1512981461
830,user_664@itrec.com,user_664,5974f0a96162c25b4cdcb2925b65e57a10013604e0bf1e7336dd529933b2bb9b,A,1512981461
831,user_665@itrec.com,user_665,5974f0a96162c25b4cdcb2925b65e57a10013604e0bf1e7336dd529933b2bb9b,A,1512981461
832,user_666@itrec.com,user_666,5974f0a96162c25b4cdcb2925b65e57a10013604e0bf1e7336dd529933b2bb9b,A,1512981461
833,user_667@itrec.com,user_667,5974f0a96162c25b4cdcb2925b65e57a10013604e0bf1e7336dd529933b2bb9b,A,1512981461
834,user_668@itrec.com,user_668,5974f0a96162c25b4cdcb2925b65e57a10013604e0bf1e7336dd529933b2bb9b,A,1512981461
835,user_669@itrec.com,user_669,5974f0a96162c25b4cdcb2925b65e57a10013604e0bf1e7336dd529933b2bb9b,A,1512981461
836,user_670@itrec.com,user_670,5974f0a96162c25b4cdcb2925b65e57a10013604e0bf1e7336dd529933b2bb9b,A,1512981461
837,user_671@itrec.com,user_671,5974f0a96162c25b4cdcb2925b65e57a10013604e0bf1e7336dd529933b2bb9b,A,1512981461
838,user_672@itrec.com,user_672,5974f0a96162c25b4cdcb2925b65e57a10013604e0bf1e7336dd529933b2bb9b,A,1512981461
839,user_673@itrec.com,user_673,5974f0a96162c25b4cdcb2925b65e57a10013604e0bf1e7336dd529933b2bb9b,A,1512981461
840,user_674@itrec.com,user_674,5974f0a96162c25b4cdcb2925b65e57a10013604e0bf1e7336dd529933b2bb9b,A,1512981461
841,user_675@itrec.com,user_675,5974f0a96162c25b4cdcb2925b65e57a10013604e0bf1e7336dd529933b2bb9b,A,1512981461
842,user_676@itrec.com,user_676,5974f0a96162c25b4cdcb2925b65e57a10013604e0bf1e7336dd529933b2bb9b,A,1512981461
844,user_677@itrec.com,user_677,5974f0a96162c25b4cdcb2925b65e57a10013604e0bf1e7336dd529933b2bb9b,A,1512981461
845,user_678@itrec.com,user_678,5974f0a96162c25b4cdcb2925b65e57a10013604e0bf1e7336dd529933b2bb9b,A,1512981461
846,user_679@itrec.com,user_679,5974f0a96162c25b4cdcb2925b65e57a10013604e0bf1e7336dd529933b2bb9b,A,1512981461
848,user_680@itrec.com,user_680,5974f0a96162c25b4cdcb2925b65e57a10013604e0bf1e7336dd529933b2bb9b,A,1512981461
849,user_681@itrec.com,user_681,5974f0a96162c25b4cdcb2925b65e57a10013604e0bf1e7336dd529933b2bb9b,A,1512981461
850,user_682@itrec.com,user_682,5974f0a96162c25b4cdcb2925b65e57a10013604e0bf1e7336dd529933b2bb9b,A,1512981461
851,user_683@itrec.com,user_683,5974f0a96162c25b4cdcb2925b65e57a10013604e0bf1e7336dd529933b2bb9b,A,1512981461
852,user_684@itrec.com,user_684,5974f0a96162c25b4cdcb2925b65e57a10013604e0bf1e7336dd529933b2bb9b,A,1512981461
854,user_685@itrec.com,user_685,5974f0a96162c25b4cdcb2925b65e57a10013604e0bf1e7336dd529933b2bb9b,A,1512981461
858,user_686@itrec.com,user_686,5974f0a96162c25b4cdcb2925b65e57a10013604e0bf1e7336dd529933b2bb9b,A,1512981461
861,user_687@itrec.com,user_687,5974f0a96162c25b4cdcb2925b65e57a10013604e0bf1e7336dd529933b2bb9b,A,1512981461
864,user_688@itrec.com,user_688,5974f0a96162c25b4cdcb2925b65e57a10013604e0bf1e7336dd529933b2bb9b,A,1512981461
865,user_689@itrec.com,user_689,5974f0a96162c25b4cdcb2925b65e57a10013604e0bf1e7336dd529933b2bb9b,A,1512981461
866,user_690@itrec.com,user_690,5974f0a96162c25b4cdcb2925b65e57a10013604e0bf1e7336dd529933b2bb9b,A,1512981461
